X,Y,theta
0.0003,0,0
0.0003,0,0
0.0003,0,0
0.0003,0,0
0.0003,0,0
0.0003,0,0
0.0003,0,0
0.0003,0,0
0.0003,0,0
0.0003,0,0
0.0003,0,0
0.0003,0,0
0.0003,0,0
0.0003,0,0
0.0003,0,0
0.0003,0,0
0.0003,0,0
0.0003,0,0
0.0003,0,0
0.0003,0,0
0.0003,0,0
0.0003,0,0
0.0003,0,0
0.0003,0,0
0.0003,0,0
0.0003,0,0
0.0003,0,0
0.0003,0,0
0.0003,0,-0.01
0.0003,0,-0.01
0.0003,0,-0.01
0.0003,0,-0.01
0.0003,0,-0.01
0.0003,0,-0.02
0.0003,0,-0.02
0.0003,0,-0.02
0.0003,0,-0.02
0.0004,0,-0.03
0.0022,-0.0003,-0.03
0.0066,-0.0006,-0.03
0.0169,-0.0006,-0.04
0.0254,0.0001,-0.04
0.0332,0.0023,-0.04
0.0413,0.0069,-0.04
0.0588,0.0114,-0.05
0.0714,0.0152,-0.05
0.0867,0.0183,-0.05
0.0965,0.022,-0.06
0.1071,0.0259,-0.06
0.1191,0.0305,-0.06
0.1366,0.0343,-0.06
0.1528,0.0414,-0.07
0.1685,0.0483,-0.07
0.1809,0.052,-0.07
0.1941,0.0565,-0.08
0.2069,0.0608,-0.08
0.2243,0.0657,-0.08
0.2385,0.0703,-0.08
0.2537,0.0743,-0.08
0.2686,0.0811,-0.09
0.2855,0.0913,-0.09
0.3007,0.0996,-0.1
0.3174,0.1099,-0.1
0.3292,0.118,-0.1
0.3392,0.1275,-0.1
0.3487,0.1373,-0.11
0.3635,0.1491,-0.11
0.3751,0.1582,-0.11
0.3887,0.1753,-0.11
0.4011,0.1845,-0.12
0.4116,0.1923,-0.12
0.4229,0.2005,-0.12
0.436,0.2133,-0.12
0.4457,0.223,-0.13
0.4564,0.2315,-0.13
0.4679,0.2431,-0.13
0.481,0.2527,-0.13
0.4937,0.2653,-0.13
0.5044,0.2755,-0.13
0.5162,0.2814,-0.13
0.5208,0.2865,-0.13
0.523,0.2924,-0.13
0.5252,0.3006,-0.13
0.5298,0.307,-0.13
0.5306,0.311,-0.13
0.5299,0.318,-0.13
0.5307,0.324,-0.13
0.5325,0.3283,-0.13
0.533,0.3319,-0.13
0.5315,0.3355,-0.13
0.5301,0.3412,-0.13
0.5287,0.3476,-0.13
0.5267,0.3511,-0.13
0.5248,0.3545,-0.13
0.523,0.3617,-0.13
0.522,0.3663,-0.13
0.5199,0.3698,-0.13
0.5156,0.3746,-0.13
0.5109,0.3812,-0.13
0.5047,0.3901,-0.13
0.4996,0.3941,-0.13
0.4953,0.3969,-0.13
0.4907,0.4032,-0.13
0.4841,0.4108,-0.13
0.474,0.4177,-0.13
0.4676,0.422,-0.13
0.4626,0.4286,-0.13
0.4587,0.434,-0.13
0.4501,0.4406,-0.13
0.4404,0.4489,-0.13
0.4354,0.4584,-0.13
0.429,0.4647,-0.12
0.4221,0.4704,-0.12
0.414,0.479,-0.12
0.4017,0.4903,-0.12
0.3941,0.501,-0.12
0.3814,0.508,-0.12
0.3715,0.5155,-0.12
0.3624,0.5282,-0.12
0.3475,0.5402,-0.12
0.3382,0.5483,-0.12
0.3269,0.5545,-0.12
0.3199,0.5624,-0.12
0.31,0.5736,-0.12
0.3005,0.5814,-0.12
0.2876,0.5945,-0.11
0.2774,0.6037,-0.11
0.2702,0.6122,-0.11
0.2623,0.6205,-0.11
0.2503,0.6247,-0.11
0.242,0.6283,-0.11
0.234,0.6341,-0.11
0.2234,0.6381,-0.11
0.2121,0.6408,-0.1
0.2013,0.6411,-0.1
0.194,0.6424,-0.1
0.1864,0.6456,-0.1
0.1742,0.6476,-0.1
0.1613,0.6473,-0.09
0.1504,0.6472,-0.09
0.1424,0.6489,-0.09
0.1331,0.6513,-0.09
0.1227,0.653,-0.09
0.1125,0.6523,-0.08
0.1001,0.6522,-0.08
0.0911,0.6539,-0.08
0.0775,0.655,-0.07
0.0644,0.6532,-0.07
0.0543,0.6504,-0.07
0.0441,0.6479,-0.07
0.0293,0.6471,-0.06
0.0177,0.6457,-0.06
0.0063,0.641,-0.06
-0.0089,0.6462,-0.05
-0.0252,0.6913,-0.05
-0.0413,0.688,-0.05
-0.0528,0.6942,-0.05
-0.0638,0.6894,-0.04
-0.08,0.6631,-0.04
-0.0928,0.6598,-0.04
-0.1087,0.6533,-0.04
-0.1234,0.6485,-0.03
-0.1355,0.6439,-0.03
-0.1465,0.6403,-0.03
-0.1555,0.6357,-0.02
-0.1666,0.6319,-0.02
-0.1759,0.6284,-0.02
-0.1861,0.6234,-0.02
-0.2017,0.6168,-0.01
-0.2099,0.6097,-0.01
-0.2217,0.6047,-0.01
-0.2309,0.6,0
-0.2394,0.5928,0
-0.2498,0.5869,0
-0.2609,0.5801,0
-0.27,0.5745,0.01
-0.2816,0.5698,0.01
-0.2893,0.5641,0.01
-0.3003,0.5569,0.01
-0.3096,0.5508,0.01
-0.3209,0.5463,0.02
-0.3296,0.5391,0.02
-0.3366,0.5335,0.02
-0.3452,0.5284,0.02
-0.3566,0.5209,0.03
-0.3636,0.5137,0.03
-0.3704,0.5039,0.03
-0.3842,0.4956,0.03
-0.3922,0.4868,0.03
-0.4008,0.4794,0.04
-0.4074,0.4722,0.04
-0.4157,0.4655,0.04
-0.4239,0.457,0.04
-0.4348,0.447,0.04
-0.4411,0.4401,0.04
-0.4513,0.4328,0.05
-0.4596,0.4266,0.05
-0.4667,0.416,0.05
-0.4758,0.4085,0.05
-0.4833,0.4025,0.05
-0.4908,0.3967,0.05
-0.4973,0.3868,0.05
-0.5076,0.3765,0.05
-0.5152,0.37,0.05
-0.5229,0.3636,0.05
-0.5295,0.3531,0.05
-0.5386,0.3447,0.05
-0.5468,0.3373,0.05
-0.5546,0.33,0.05
-0.5625,0.319,0.05
-0.5707,0.3079,0.05
-0.5783,0.2994,0.05
-0.5886,0.2926,0.04
-0.5949,0.2844,0.04
-0.6012,0.2734,0.04
-0.6112,0.2666,0.04
-0.6218,0.2076,0.04
-0.6302,0.1963,0.04
-0.6354,0.188,0.04
-0.6406,0.1809,0.04
-0.6451,0.1719,0.04
-0.6495,0.1635,0.04
-0.6521,0.1544,0.04
-0.655,0.1462,0.03
-0.6582,0.1365,0.03
-0.6615,0.1256,0.03
-0.6629,0.1165,0.03
-0.665,0.1057,0.03
-0.6679,0.0984,0.02
-0.6692,0.0902,0.02
-0.6701,0.0776,0.01
-0.6732,0.0654,0.01
-0.6759,0.0552,0.01
-0.6781,0.0478,0
-0.6783,0.04,0
-0.678,0.0287,0
-0.6782,0.0194,-0.01
-0.6778,0.0107,-0.02
-0.6768,-0.0005,-0.02
-0.6737,-0.0129,-0.02
-0.6719,-0.0229,-0.02
-0.6703,-0.0324,-0.03
-0.6686,-0.0439,-0.03
-0.6655,-0.0527,-0.03
-0.6633,-0.0624,-0.03
-0.6613,-0.0754,-0.04
-0.6586,-0.0846,-0.04
-0.6558,-0.0949,-0.04
-0.6532,-0.1059,-0.05
-0.651,-0.1148,-0.05
-0.6481,-0.1242,-0.05
-0.6447,-0.1364,-0.05
-0.6398,-0.146,-0.05
-0.6344,-0.1586,-0.06
-0.6276,-0.172,-0.06
-0.6217,-0.1822,-0.06
-0.6158,-0.1918,-0.07
-0.6099,-0.2036,-0.07
-0.6014,-0.2121,-0.07
-0.5947,-0.2517,-0.07
-0.5854,-0.2688,-0.08
-0.5769,-0.2776,-0.08
-0.571,-0.2855,-0.08
-0.5656,-0.2972,-0.09
-0.5579,-0.3072,-0.09
-0.5507,-0.3174,-0.09
-0.5436,-0.3287,-0.09
-0.5365,-0.3365,-0.1
-0.53,-0.3474,-0.1
-0.5205,-0.3581,-0.1
-0.5124,-0.3653,-0.1
-0.5052,-0.3723,-0.1
-0.4989,-0.3822,-0.1
-0.4892,-0.3893,-0.1
-0.4803,-0.399,-0.1
-0.4704,-0.4063,-0.1
-0.4629,-0.4156,-0.1
-0.4566,-0.4216,-0.1
-0.4467,-0.4294,-0.1
-0.4388,-0.4368,-0.1
-0.4314,-0.445,-0.1
-0.4245,-0.4541,-0.1
-0.412,-0.4625,-0.1
-0.4045,-0.4733,-0.1
-0.3958,-0.4817,-0.1
-0.3889,-0.4891,-0.1
-0.3819,-0.4953,-0.09
-0.3728,-0.5046,-0.09
-0.366,-0.5127,-0.09
-0.3588,-0.5224,-0.09
-0.3489,-0.53,-0.09
-0.3405,-0.5362,-0.09
-0.3349,-0.5429,-0.09
-0.328,-0.5522,-0.09
-0.3173,-0.5586,-0.09
-0.3102,-0.5654,-0.09
-0.3036,-0.5758,-0.09
-0.2934,-0.5855,-0.09
-0.2824,-0.5919,-0.09
-0.2726,-0.6012,-0.09
-0.2664,-0.6084,-0.08
-0.259,-0.6156,-0.08
-0.2512,-0.624,-0.08
-0.2423,-0.6,-0.08
-0.2372,-0.6081,-0.08
-0.2301,-0.615,-0.07
-0.2212,-0.6201,-0.07
-0.2141,-0.6249,-0.07
-0.2078,-0.6289,-0.06
-0.2014,-0.6329,-0.06
-0.1919,-0.6357,-0.06
-0.184,-0.641,-0.05
-0.1762,-0.6449,-0.05
-0.1661,-0.6479,-0.05
-0.1561,-0.6497,-0.04
-0.1482,-0.6538,-0.04
-0.14,-0.658,-0.04
-0.1321,-0.6609,-0.03
-0.1219,-0.6623,-0.03
-0.1139,-0.6636,-0.02
-0.1056,-0.667,-0.02
-0.0911,-0.6719,-0.01
-0.0835,-0.6744,-0.01
-0.0742,-0.6738,-0.01
-0.0662,-0.672,0
-0.0576,-0.6704,0
-0.0457,-0.6697,0
-0.0335,-0.667,0
-0.0243,-0.6621,0.01
-0.0123,-0.6594,0.01
-0.0037,-0.6574,0.01
0.0052,-0.6537,0.02
0.0176,-0.6499,0.02
0.0277,-0.6458,0.02
0.0382,-0.6425,0.02
0.0486,-0.639,0.03
0.0658,-0.6346,0.03
0.0766,-0.6291,0.03
0.0904,-0.6251,0.03
0.1002,-0.6513,0.03
0.1098,-0.6453,0.03
0.1231,-0.6401,0.03
0.1333,-0.6327,0.04
0.1471,-0.6273,0.04
0.1621,-0.6201,0.04
0.1738,-0.6143,0.04
0.1856,-0.6079,0.04
0.1962,-0.6005,0.04
0.2089,-0.596,0.04
0.2186,-0.5913,0.04
0.2286,-0.5841,0.04
0.2454,-0.5762,0.04
0.2557,-0.5718,0.04
0.2686,-0.5669,0.04
0.2774,-0.5616,0.04
0.2863,-0.555,0.04
0.2957,-0.547,0.04
0.3136,-0.5414,0.04
0.3269,-0.5344,0.04
0.3348,-0.5275,0.04
0.3425,-0.5182,0.04
0.3539,-0.5124,0.04
0.3651,-0.5045,0.04
0.3712,-0.4954,0.04
0.379,-0.4889,0.04
0.3867,-0.4829,0.04
0.3945,-0.4752,0.04
0.403,-0.4684,0.04
0.4095,-0.4613,0.04
0.4207,-0.451,0.04
0.4322,-0.4444,0.04
0.4394,-0.4362,0.04
0.449,-0.4249,0.04
0.4576,-0.4176,0.04
0.4659,-0.4105,0.04
0.4745,-0.4004,0.04
0.4804,-0.393,0.04
0.4903,-0.3849,0.04
0.4998,-0.3767,0.03
0.5057,-0.369,0.03
0.5114,-0.3614,0.03
0.5206,-0.3534,0.03
0.5277,-0.3474,0.03
0.534,-0.3373,0.03
0.5423,-0.3276,0.03
0.5523,-0.3223,0.02
0.5593,-0.3149,0.02
0.5655,-0.2776,0.02
0.5735,-0.2701,0.02
0.581,-0.2634,0.01
0.5885,-0.2567,0.01
0.5945,-0.2465,0.01
0.6019,-0.2388,0.01
0.6112,-0.2306,0
0.6182,-0.2216,0
0.6252,-0.2133,0
0.6291,-0.2048,0
0.633,-0.1977,-0.01
0.6372,-0.1886,-0.01
0.642,-0.1803,-0.01
0.6455,-0.1678,-0.01
0.6481,-0.1593,-0.02
0.6526,-0.1488,-0.02
0.6556,-0.1375,-0.02
0.6581,-0.1277,-0.02
0.6616,-0.1181,-0.02
0.6648,-0.1093,-0.03
0.6682,-0.0987,-0.03
0.6702,-0.0868,-0.03
0.6736,-0.0741,-0.03
0.6776,-0.0646,-0.04
0.6804,-0.0559,-0.04
0.6807,-0.0449,-0.05
0.6793,-0.0363,-0.05
0.6783,-0.0231,-0.05
0.6776,-0.0106,-0.05
0.676,-0.0019,-0.05
0.6741,0.0069,-0.06
0.6721,0.0201,-0.06
0.6685,0.0305,-0.06
0.6654,0.0403,-0.06
0.6616,0.0524,-0.07
0.6584,0.0656,-0.07
0.6554,0.0801,-0.07
0.6512,0.0897,-0.08
0.6446,0.0988,-0.08
0.6402,0.1082,-0.08
0.6359,0.1218,-0.08
0.6278,0.1315,-0.08
0.6183,0.1431,-0.09
0.6125,0.1544,-0.09
0.62,0.1631,-0.09
0.62,0.1716,-0.09
0.6407,0.1822,-0.09
0.6337,0.1941,-0.09
0.625,0.2061,-0.09
0.6167,0.2146,-0.09
0.6101,0.2227,-0.09
0.6041,0.2342,-0.09
0.5959,0.2436,-0.09
0.5889,0.2531,-0.09
0.5816,0.2646,-0.09
0.5725,0.2738,-0.09
0.5644,0.2874,-0.09
0.5576,0.2971,-0.09
0.5501,0.3089,-0.09
0.5413,0.318,-0.09
0.5352,0.3272,-0.09
0.528,0.3359,-0.09
0.5196,0.3471,-0.09
0.509,0.3561,-0.09
0.5023,0.3676,-0.09
0.4925,0.3776,-0.09
0.4811,0.3853,-0.09
0.473,0.3939,-0.09
0.4658,0.4029,-0.09
0.4562,0.4135,-0.09
0.4482,0.4206,-0.09
0.4404,0.4309,-0.09
0.4308,0.443,-0.09
0.4203,0.4512,-0.08
0.4102,0.4599,-0.08
0.4036,0.4668,-0.08
0.3979,0.4739,-0.08
0.3916,0.4831,-0.08
0.3813,0.4901,-0.08
0.3713,0.5007,-0.08
0.3628,0.511,-0.08
0.3558,0.5178,-0.07
0.3483,0.5238,-0.07
0.3414,0.5326,-0.07
0.3325,0.543,-0.07
0.3237,0.5513,-0.07
0.3153,0.5562,-0.06
0.3097,0.562,-0.06
0.3041,0.5712,-0.06
0.2958,0.5775,-0.05
0.2397,0.5821,-0.05
0.2345,0.5881,-0.05
0.2284,0.5955,-0.05
0.2204,0.6011,-0.05
0.2132,0.6056,-0.04
0.2052,0.6082,-0.04
0.2002,0.6114,-0.04
0.1943,0.6148,-0.04
0.1866,0.6184,-0.03
0.1756,0.6208,-0.03
0.1665,0.6251,-0.03
0.157,0.6304,-0.03
0.1483,0.6337,-0.03
0.1405,0.6372,-0.03
0.1328,0.6396,-0.02
0.1269,0.6417,-0.02
0.1164,0.6441,-0.02
0.1046,0.6466,-0.01
0.0973,0.6492,-0.01
0.0911,0.6528,-0.01
