0.0003, 0.0000, 0.00
0.0003, 0.0000, 0.00
0.0003, 0.0000, 0.00
0.0003, 0.0000, 0.00
0.0003, 0.0000, 0.00
0.0003, 0.0000, 0.00
0.0003, 0.0000, 0.00
0.0003, 0.0000, 0.00
0.0003, 0.0000, 0.00
0.0003, 0.0000, 0.00
0.0003, 0.0000, 0.00
0.0003, 0.0000, 0.00
0.0003, 0.0000, 0.00
0.0003, 0.0000, 0.00
0.0003, 0.0000, 0.00
0.0003, 0.0000, 0.00
0.0003, 0.0000, 0.00
0.0003, 0.0000, 0.00
0.0003, 0.0000, 0.00
0.0003, 0.0000, 0.00
0.0003, 0.0000, 0.00
0.0003, 0.0000, 0.00
0.0003, 0.0000, 0.00
0.0003, 0.0000, 0.00
0.0003, 0.0000, 0.00
0.0003, 0.0000, 0.00
0.0003, 0.0000, 0.00
0.0003, 0.0000, 0.00
0.0003, 0.0000, 0.00
0.0003, 0.0000, 0.00
0.0003, 0.0000, 0.00
0.0003, 0.0000, 0.00
0.0003, 0.0000, 0.00
0.0003, 0.0000, 0.00
0.0003, 0.0000, 0.00
0.0003, 0.0000, 0.00
0.0003, 0.0000, 0.00
0.0004, -0.0000, 0.00
0.0022, -0.0003, 0.00
0.0066, -0.0006, 0.00
0.0169, -0.0006, 0.00
0.0254, 0.0001, 0.00
0.0332, 0.0023, 0.00
0.0413, 0.0069, 0.00
0.0588, 0.0114, 0.00
0.0714, 0.0152, 0.00
0.0867, 0.0183, 0.00
0.0965, 0.0220, 0.00
0.1071, 0.0259, 0.00
0.1191, 0.0305, 0.00
0.1366, 0.0343, 0.00
0.1528, 0.0414, 0.00
0.1685, 0.0483, 0.00
0.1809, 0.0520, 0.00
0.1941, 0.0565, 0.00
0.2069, 0.0608, 0.00
0.2243, 0.0657, 0.00
0.2385, 0.0703, 0.00
0.2537, 0.0743, 0.00
0.2686, 0.0811, 0.00
0.2855, 0.0913, 0.00
0.3007, 0.0996, 0.00
0.3174, 0.1099, 0.00
0.3292, 0.1180, 0.00
0.3392, 0.1275, 0.00
0.3487, 0.1373, 0.00
0.3635, 0.1491, 0.00
0.3751, 0.1582, 0.00
0.3887, 0.1753, 0.00
0.4011, 0.1845, 0.00
0.4116, 0.1923, 0.00
0.4229, 0.2005, 0.00
0.4360, 0.2133, 0.00
0.4457, 0.2230, 0.00
0.4564, 0.2315, 0.00
0.4679, 0.2431, 0.00
0.4810, 0.2527, 0.00
0.4937, 0.2653, 0.00
0.5044, 0.2755, 0.00
0.5162, 0.2814, 0.00
0.5208, 0.2865, 0.00
0.5230, 0.2924, 0.00
0.5252, 0.3006, 0.00
0.5298, 0.3070, 0.00
0.5306, 0.3110, 0.00
0.5299, 0.3180, 0.00
0.5307, 0.3240, 0.00
0.5325, 0.3283, 0.00
0.5330, 0.3319, 0.00
0.5315, 0.3355, 0.00
0.5301, 0.3412, 0.00
0.5287, 0.3476, 0.00
0.5267, 0.3511, 0.00
0.5248, 0.3545, 0.00
0.5230, 0.3617, 0.00
0.5220, 0.3663, 0.00
0.5199, 0.3698, 0.00
0.5156, 0.3746, 0.00
0.5109, 0.3812, 0.00
0.5047, 0.3901, 0.00
0.4996, 0.3941, 0.00
0.4953, 0.3969, 0.00
0.4907, 0.4032, 0.00
0.4841, 0.4108, 0.00
0.4740, 0.4177, 0.00
0.4676, 0.4220, 0.00
0.4626, 0.4286, 0.00
0.4587, 0.4340, 0.00
0.4501, 0.4406, 0.00
0.4404, 0.4489, 0.00
0.4354, 0.4584, 0.00
0.4290, 0.4647, 0.00
0.4221, 0.4704, 0.00
0.4140, 0.4790, 0.00
0.4017, 0.4903, 0.00
0.3941, 0.5010, 0.00
0.3814, 0.5080, 0.00
0.3715, 0.5155, 0.00
0.3624, 0.5282, 0.00
0.3475, 0.5402, 0.00
0.3382, 0.5483, 0.00
0.3269, 0.5545, 0.00
0.3199, 0.5624, 0.00
0.3100, 0.5736, 0.00
0.3005, 0.5814, 0.00
0.2876, 0.5945, 0.00
0.2774, 0.6037, 0.00
0.2702, 0.6122, 0.00
0.2623, 0.6205, 0.00
0.2503, 0.6247, 0.00
0.2420, 0.6283, 0.00
0.2340, 0.6341, 0.00
0.2234, 0.6381, 0.00
0.2121, 0.6408, 0.00
0.2013, 0.6411, 0.00
0.1940, 0.6424, 0.00
0.1864, 0.6456, 0.00
0.1742, 0.6476, 0.00
0.1613, 0.6473, 0.00
0.1504, 0.6472, 0.00
0.1424, 0.6489, 0.00
0.1331, 0.6513, 0.00
0.1227, 0.6530, 0.00
0.1125, 0.6523, 0.00
0.1001, 0.6522, 0.00
0.0911, 0.6539, 0.00
0.0775, 0.6550, 0.00
0.0644, 0.6532, 0.00
0.0543, 0.6504, 0.00
0.0441, 0.6479, 0.00
0.0293, 0.6471, 0.00
0.0177, 0.6457, 0.00
0.0063, 0.6410, 0.00
-0.0089, 0.6362, 0.00
-0.0252, 0.6313, 0.00
-0.0413, 0.6280, 0.00
-0.0528, 0.6242, 0.00
-0.0638, 0.6194, 0.00
-0.0800, 0.6131, 0.00
-0.0928, 0.6098, 0.00
-0.1087, 0.6033, 0.00
-0.1234, 0.5985, 0.00
-0.1355, 0.5939, 0.00
-0.1465, 0.5903, 0.00
-0.1555, 0.5857, 0.00
-0.1666, 0.5819, 0.00
-0.1759, 0.5784, 0.00
-0.1861, 0.5734, 0.00
-0.2017, 0.5668, 0.00
-0.2099, 0.5597, 0.00
-0.2217, 0.5547, 0.00
-0.2309, 0.5500, 0.00
-0.2394, 0.5428, 0.00
-0.2498, 0.5369, 0.00
-0.2609, 0.5301, 0.00
-0.2700, 0.5245, 0.00
-0.2816, 0.5198, 0.00
-0.2893, 0.5141, 0.00
-0.3003, 0.5069, 0.00
-0.3096, 0.5008, 0.00
-0.3209, 0.4963, 0.00
-0.3296, 0.4891, 0.00
-0.3366, 0.4835, 0.00
-0.3452, 0.4784, 0.00
-0.3566, 0.4709, 0.00
-0.3636, 0.4637, 0.00
-0.3704, 0.4539, 0.00
-0.3842, 0.4456, 0.00
-0.3922, 0.4368, 0.00
-0.4008, 0.4294, 0.00
-0.4074, 0.4222, 0.00
-0.4157, 0.4155, 0.00
-0.4239, 0.4070, 0.00
-0.4348, 0.3970, 0.00
-0.4411, 0.3901, 0.00
-0.4513, 0.3828, 0.00
-0.4596, 0.3766, 0.00
-0.4667, 0.3660, 0.00
-0.4758, 0.3585, 0.00
-0.4833, 0.3525, 0.00
-0.4908, 0.3467, 0.00
-0.4973, 0.3368, 0.00
-0.5076, 0.3265, 0.00
-0.5152, 0.3200, 0.00
-0.5229, 0.3136, 0.00
-0.5295, 0.3031, 0.00
-0.5386, 0.2947, 0.00
-0.5468, 0.2873, 0.00
-0.5546, 0.2800, 0.00
-0.5625, 0.2690, 0.00
-0.5707, 0.2579, 0.00
-0.5783, 0.2494, 0.00
-0.5886, 0.2426, 0.00
-0.5949, 0.2344, 0.00
-0.6012, 0.2234, 0.00
-0.6112, 0.2166, 0.00
-0.6218, 0.2076, 0.00
-0.6302, 0.1963, 0.00
-0.6354, 0.1880, 0.00
-0.6406, 0.1809, 0.00
-0.6451, 0.1719, 0.00
-0.6495, 0.1635, 0.00
-0.6521, 0.1544, 0.00
-0.6550, 0.1462, 0.00
-0.6582, 0.1365, 0.00
-0.6615, 0.1256, 0.00
-0.6629, 0.1165, 0.00
-0.6650, 0.1057, 0.00
-0.6679, 0.0984, 0.00
-0.6692, 0.0902, 0.00
-0.6701, 0.0776, 0.00
-0.6732, 0.0654, 0.00
-0.6759, 0.0552, 0.00
-0.6781, 0.0478, 0.00
-0.6783, 0.0400, 0.00
-0.6780, 0.0287, 0.00
-0.6782, 0.0194, 0.00
-0.6778, 0.0107, 0.00
-0.6768, -0.0005, 0.00
-0.6737, -0.0129, 0.00
-0.6719, -0.0229, 0.00
-0.6703, -0.0324, 0.00
-0.6686, -0.0439, 0.00
-0.6655, -0.0527, 0.00
-0.6633, -0.0624, 0.00
-0.6613, -0.0754, 0.00
-0.6586, -0.0846, 0.00
-0.6558, -0.0949, 0.00
-0.6532, -0.1059, 0.00
-0.6510, -0.1148, 0.00
-0.6481, -0.1242, 0.00
-0.6447, -0.1364, 0.00
-0.6398, -0.1460, 0.00
-0.6344, -0.1586, 0.00
-0.6276, -0.1720, 0.00
-0.6217, -0.1822, 0.00
-0.6158, -0.1918, 0.00
-0.6099, -0.2036, 0.00
-0.6014, -0.2121, 0.00
-0.5947, -0.2217, 0.00
-0.5854, -0.2388, 0.00
-0.5769, -0.2476, 0.00
-0.5710, -0.2555, 0.00
-0.5656, -0.2672, 0.00
-0.5579, -0.2772, 0.00
-0.5507, -0.2874, 0.00
-0.5436, -0.2987, 0.00
-0.5365, -0.3065, 0.00
-0.5300, -0.3174, 0.00
-0.5205, -0.3281, 0.00
-0.5124, -0.3353, 0.00
-0.5052, -0.3423, 0.00
-0.4989, -0.3522, 0.00
-0.4892, -0.3593, 0.00
-0.4803, -0.3690, 0.00
-0.4704, -0.3763, 0.00
-0.4629, -0.3856, 0.00
-0.4566, -0.3916, 0.00
-0.4467, -0.3994, 0.00
-0.4388, -0.4068, 0.00
-0.4314, -0.4150, 0.00
-0.4245, -0.4241, 0.00
-0.4120, -0.4325, 0.00
-0.4045, -0.4433, 0.00
-0.3958, -0.4517, 0.00
-0.3889, -0.4591, 0.00
-0.3819, -0.4653, 0.00
-0.3728, -0.4746, 0.00
-0.3660, -0.4827, 0.00
-0.3588, -0.4924, 0.00
-0.3489, -0.5000, 0.00
-0.3405, -0.5062, 0.00
-0.3349, -0.5129, 0.00
-0.3280, -0.5222, 0.00
-0.3173, -0.5286, 0.00
-0.3102, -0.5354, 0.00
-0.3036, -0.5458, 0.00
-0.2934, -0.5555, 0.00
-0.2824, -0.5619, 0.00
-0.2726, -0.5712, 0.00
-0.2664, -0.5784, 0.00
-0.2590, -0.5856, 0.00
-0.2512, -0.5940, 0.00
-0.2423, -0.6000, 0.00
-0.2372, -0.6081, 0.00
-0.2301, -0.6150, 0.00
-0.2212, -0.6201, 0.00
-0.2141, -0.6249, 0.00
-0.2078, -0.6289, 0.00
-0.2014, -0.6329, 0.00
-0.1919, -0.6357, 0.00
-0.1840, -0.6410, 0.00
-0.1762, -0.6449, 0.00
-0.1661, -0.6479, 0.00
-0.1561, -0.6497, 0.00
-0.1482, -0.6538, 0.00
-0.1400, -0.6580, 0.00
-0.1321, -0.6609, 0.00
-0.1219, -0.6623, 0.00
-0.1139, -0.6636, 0.00
-0.1056, -0.6670, 0.00
-0.0911, -0.6719, 0.00
-0.0835, -0.6744, 0.00
-0.0742, -0.6738, 0.00
-0.0662, -0.6720, 0.00
-0.0576, -0.6704, 0.00
-0.0457, -0.6697, 0.00
-0.0335, -0.6670, 0.00
-0.0243, -0.6621, 0.00
-0.0123, -0.6594, 0.00
-0.0037, -0.6574, 0.00
0.0052, -0.6537, 0.00
0.0176, -0.6499, 0.00
0.0277, -0.6458, 0.00
0.0382, -0.6425, 0.00
0.0486, -0.6390, 0.00
0.0658, -0.6346, 0.00
0.0766, -0.6291, 0.00
0.0904, -0.6251, 0.00
0.1002, -0.6213, 0.00
0.1098, -0.6153, 0.00
0.1231, -0.6101, 0.00
0.1333, -0.6027, 0.00
0.1471, -0.5973, 0.00
0.1621, -0.5901, 0.00
0.1738, -0.5843, 0.00
0.1856, -0.5779, 0.00
0.1962, -0.5705, 0.00
0.2089, -0.5660, 0.00
0.2186, -0.5613, 0.00
0.2286, -0.5541, 0.00
0.2454, -0.5462, 0.00
0.2557, -0.5418, 0.00
0.2686, -0.5369, 0.00
0.2774, -0.5316, 0.00
0.2863, -0.5250, 0.00
0.2957, -0.5170, 0.00
0.3136, -0.5114, 0.00
0.3269, -0.5044, 0.00
0.3348, -0.4975, 0.00
0.3425, -0.4882, 0.00
0.3539, -0.4824, 0.00
0.3651, -0.4745, 0.00
0.3712, -0.4654, 0.00
0.3790, -0.4589, 0.00
0.3867, -0.4529, 0.00
0.3945, -0.4452, 0.00
0.4030, -0.4384, 0.00
0.4095, -0.4313, 0.00
0.4207, -0.4210, 0.00
0.4322, -0.4144, 0.00
0.4394, -0.4062, 0.00
0.4490, -0.3949, 0.00
0.4576, -0.3876, 0.00
0.4659, -0.3805, 0.00
0.4745, -0.3704, 0.00
0.4804, -0.3630, 0.00
0.4903, -0.3549, 0.00
0.4998, -0.3467, 0.00
0.5057, -0.3390, 0.00
0.5114, -0.3314, 0.00
0.5206, -0.3234, 0.00
0.5277, -0.3174, 0.00
0.5340, -0.3073, 0.00
0.5423, -0.2976, 0.00
0.5523, -0.2923, 0.00
0.5593, -0.2849, 0.00
0.5655, -0.2776, 0.00
0.5735, -0.2701, 0.00
0.5810, -0.2634, 0.00
0.5885, -0.2567, 0.00
0.5945, -0.2465, 0.00
0.6019, -0.2388, 0.00
0.6112, -0.2306, 0.00
0.6182, -0.2216, 0.00
0.6252, -0.2133, 0.00
0.6291, -0.2048, 0.00
0.6330, -0.1977, 0.00
0.6372, -0.1886, 0.00
0.6420, -0.1803, 0.00
0.6455, -0.1678, 0.00
0.6481, -0.1593, 0.00
0.6526, -0.1488, 0.00
0.6556, -0.1375, 0.00
0.6581, -0.1277, 0.00
0.6616, -0.1181, 0.00
0.6648, -0.1093, 0.00
0.6682, -0.0987, 0.00
0.6702, -0.0868, 0.00
0.6736, -0.0741, 0.00
0.6776, -0.0646, 0.00
0.6804, -0.0559, 0.00
0.6807, -0.0449, 0.00
0.6793, -0.0363, 0.00
0.6783, -0.0231, 0.00
0.6776, -0.0106, 0.00
0.6760, -0.0019, 0.00
0.6741, 0.0069, 0.00
0.6721, 0.0201, 0.00
0.6685, 0.0305, 0.00
0.6654, 0.0403, 0.00
0.6616, 0.0524, 0.00
0.6584, 0.0656, 0.00
0.6554, 0.0801, 0.00
0.6512, 0.0897, 0.00
0.6446, 0.0988, 0.00
0.6402, 0.1082, 0.00
0.6359, 0.1218, 0.00
0.6278, 0.1315, 0.00
0.6183, 0.1431, 0.00
0.6125, 0.1544, 0.00
0.6060, 0.1631, 0.00
0.6000, 0.1716, 0.00
0.5907, 0.1822, 0.00
0.5837, 0.1941, 0.00
0.5750, 0.2061, 0.00
0.5667, 0.2146, 0.00
0.5601, 0.2227, 0.00
0.5541, 0.2342, 0.00
0.5459, 0.2436, 0.00
0.5389, 0.2531, 0.00
0.5316, 0.2646, 0.00
0.5225, 0.2738, 0.00
0.5144, 0.2874, 0.00
0.5076, 0.2971, 0.00
0.5001, 0.3089, 0.00
0.4913, 0.3180, 0.00
0.4852, 0.3272, 0.00
0.4780, 0.3359, 0.00
0.4696, 0.3471, 0.00
0.4590, 0.3561, 0.00
0.4523, 0.3676, 0.00
0.4425, 0.3776, 0.00
0.4311, 0.3853, 0.00
0.4230, 0.3939, 0.00
0.4158, 0.4029, 0.00
0.4062, 0.4135, 0.00
0.3982, 0.4206, 0.00
0.3904, 0.4309, 0.00
0.3808, 0.4430, 0.00
0.3703, 0.4512, 0.00
0.3602, 0.4599, 0.00
0.3536, 0.4668, 0.00
0.3479, 0.4739, 0.00
0.3416, 0.4831, 0.00
0.3313, 0.4901, 0.00
0.3213, 0.5007, 0.00
0.3128, 0.5110, 0.00
0.3058, 0.5178, 0.00
0.2983, 0.5238, 0.00
0.2914, 0.5326, 0.00
0.2825, 0.5430, 0.00
0.2737, 0.5513, 0.00
0.2653, 0.5562, 0.00
0.2597, 0.5620, 0.00
0.2541, 0.5712, 0.00
0.2458, 0.5775, 0.00
0.2397, 0.5821, 0.00
0.2345, 0.5881, 0.00
0.2284, 0.5955, 0.00
0.2204, 0.6011, 0.00
0.2132, 0.6056, 0.00
0.2052, 0.6082, 0.00
0.2002, 0.6114, 0.00
0.1943, 0.6148, 0.00
0.1866, 0.6184, 0.00
0.1756, 0.6208, 0.00
0.1665, 0.6251, 0.00
0.1570, 0.6304, 0.00
0.1483, 0.6337, 0.00
0.1405, 0.6372, 0.00
0.1328, 0.6396, 0.00
0.1269, 0.6417, 0.00
0.1164, 0.6441, 0.00
0.1046, 0.6466, 0.00
0.0973, 0.6492, 0.00
0.0911, 0.6528, 0.00
0.0808, 0.6552, 0.00
0.0711, 0.6572, 0.00
0.0623, 0.6590, 0.00
0.0548, 0.6607, 0.00
0.0420, 0.6609, 0.00
0.0321, 0.6604, 0.00
0.0191, 0.6604, 0.00
0.0108, 0.6603, 0.00
0.0037, 0.6592, 0.00
-0.0040, 0.6565, 0.00
-0.0161, 0.6544, 0.00
-0.0282, 0.6519, 0.00
-0.0382, 0.6500, 0.00
-0.0459, 0.6486, 0.00
-0.0546, 0.6464, 0.00
-0.0673, 0.6444, 0.00
-0.0771, 0.6425, 0.00
-0.0868, 0.6401, 0.00
-0.1003, 0.6352, 0.00
-0.1154, 0.6310, 0.00
-0.1296, 0.6243, 0.00
-0.1396, 0.6191, 0.00
-0.1503, 0.6140, 0.00
-0.1614, 0.6066, 0.00
-0.1767, 0.5978, 0.00
-0.1923, 0.5907, 0.00
-0.2068, 0.5826, 0.00
-0.2177, 0.5767, 0.00
-0.2287, 0.5703, 0.00
-0.2438, 0.5605, 0.00
-0.2557, 0.5503, 0.00
-0.2708, 0.5431, 0.00
-0.2859, 0.5339, 0.00
-0.2975, 0.5270, 0.00
-0.3092, 0.5169, 0.00
-0.3204, 0.5101, 0.00
-0.3327, 0.5039, 0.00
-0.3410, 0.4979, 0.00
-0.3494, 0.4891, 0.00
-0.3630, 0.4797, 0.00
-0.3709, 0.4704, 0.00
-0.3812, 0.4634, 0.00
-0.3891, 0.4561, 0.00
-0.3971, 0.4485, 0.00
-0.4058, 0.4406, 0.00
-0.4165, 0.4317, 0.00
-0.4256, 0.4236, 0.00
-0.4345, 0.4146, 0.00
-0.4415, 0.4073, 0.00
-0.4485, 0.3972, 0.00
-0.4578, 0.3899, 0.00
-0.4654, 0.3796, 0.00
-0.4757, 0.3695, 0.00
-0.4856, 0.3621, 0.01
-0.4926, 0.3550, 0.01
-0.4991, 0.3460, 0.01
-0.5078, 0.3392, 0.01
-0.5167, 0.3300, 0.01
-0.5255, 0.3207, 0.01
-0.5320, 0.3114, 0.01
-0.5411, 0.3043, 0.01
-0.5480, 0.2972, 0.01
-0.5551, 0.2898, 0.01
-0.5621, 0.2827, 0.01
-0.5704, 0.2739, 0.01
-0.5788, 0.2649, 0.01
-0.5881, 0.2553, 0.01
-0.5944, 0.2488, 0.01
-0.6005, 0.2403, 0.01
-0.6092, 0.2335, 0.01
-0.6168, 0.2259, 0.01
-0.6247, 0.2170, 0.01
-0.6277, 0.2090, 0.01
-0.6298, 0.2028, 0.01
-0.6330, 0.1942, 0.01
-0.6368, 0.1874, 0.01
-0.6402, 0.1802, 0.01
-0.6420, 0.1706, 0.01
-0.6441, 0.1610, 0.01
-0.6464, 0.1533, 0.01
-0.6500, 0.1429, 0.01
-0.6511, 0.1365, 0.01
-0.6513, 0.1291, 0.01
-0.6517, 0.1208, 0.01
-0.6531, 0.1136, 0.01
-0.6552, 0.1034, 0.01
-0.6554, 0.0967, 0.01
-0.6545, 0.0901, 0.01
-0.6535, 0.0802, 0.01
-0.6527, 0.0718, 0.01
-0.6510, 0.0626, 0.01
-0.6494, 0.0534, 0.01
-0.6477, 0.0426, 0.01
-0.6469, 0.0319, 0.01
-0.6458, 0.0232, 0.01
-0.6430, 0.0109, 0.01
-0.6404, 0.0014, 0.01
-0.6379, -0.0076, 0.01
-0.6362, -0.0197, 0.01
-0.6331, -0.0322, 0.01
-0.6309, -0.0458, 0.01
-0.6276, -0.0564, 0.01
-0.6253, -0.0698, 0.01
-0.6215, -0.0794, 0.01
-0.6168, -0.0935, 0.01
-0.6108, -0.1085, 0.01
-0.6064, -0.1190, 0.01
-0.6023, -0.1317, 0.01
-0.5969, -0.1416, 0.01
-0.5927, -0.1529, 0.01
-0.5877, -0.1683, 0.01
-0.5783, -0.1823, 0.01
-0.5729, -0.1934, 0.01
-0.5671, -0.2095, 0.01
-0.5607, -0.2217, 0.01
-0.5517, -0.2333, 0.01
-0.5458, -0.2448, 0.01
-0.5401, -0.2606, 0.01
-0.5319, -0.2726, 0.01
-0.5230, -0.2878, 0.01
-0.5152, -0.3027, 0.01
-0.5097, -0.3141, 0.01
-0.5035, -0.3254, 0.01
-0.4964, -0.3404, 0.01
-0.4878, -0.3520, 0.01
-0.4823, -0.3631, 0.01
-0.4739, -0.3791, 0.01
-0.4641, -0.3877, 0.01
-0.4576, -0.3994, 0.01
-0.4520, -0.4078, 0.01
-0.4442, -0.4152, 0.01
-0.4371, -0.4222, 0.01
-0.4302, -0.4329, 0.01
-0.4195, -0.4443, 0.01
-0.4095, -0.4542, 0.01
-0.4015, -0.4609, 0.01
-0.3942, -0.4682, 0.01
-0.3881, -0.4780, 0.01
-0.3797, -0.4845, 0.01
-0.3724, -0.4923, 0.01
-0.3609, -0.5014, 0.01
-0.3548, -0.5089, 0.01
-0.3485, -0.5154, 0.01
-0.3420, -0.5226, 0.01
-0.3358, -0.5284, 0.01
-0.3278, -0.5352, 0.01
-0.3205, -0.5440, 0.01
-0.3085, -0.5509, 0.01
-0.3033, -0.5564, 0.01
-0.2986, -0.5630, 0.01
-0.2905, -0.5718, 0.01
-0.2834, -0.5780, 0.01
-0.2777, -0.5838, 0.01
-0.2732, -0.5917, 0.01
-0.2641, -0.5994, 0.01
-0.2565, -0.6055, 0.01
-0.2484, -0.6130, 0.01
-0.2439, -0.6179, 0.01
-0.2388, -0.6237, 0.01
-0.2289, -0.6276, 0.01
-0.2208, -0.6333, 0.01
-0.2114, -0.6372, 0.01
-0.2019, -0.6389, 0.01
-0.1930, -0.6404, 0.01
-0.1838, -0.6443, 0.01
-0.1729, -0.6475, 0.01
-0.1651, -0.6496, 0.01
-0.1562, -0.6507, 0.01
-0.1466, -0.6531, 0.01
-0.1312, -0.6567, 0.01
-0.1222, -0.6589, 0.01
-0.1090, -0.6594, 0.01
-0.0983, -0.6606, 0.01
-0.0886, -0.6636, 0.01
-0.0775, -0.6654, 0.01
-0.0662, -0.6658, 0.01
-0.0525, -0.6648, 0.01
-0.0422, -0.6641, 0.01
-0.0331, -0.6633, 0.01
-0.0241, -0.6620, 0.01
-0.0107, -0.6601, 0.01
0.0004, -0.6573, 0.01
0.0117, -0.6532, 0.01
0.0223, -0.6506, 0.01
0.0349, -0.6470, 0.01
0.0480, -0.6438, 0.01
0.0584, -0.6403, 0.01
0.0730, -0.6354, 0.01
0.0844, -0.6313, 0.01
0.0966, -0.6271, 0.01
0.1087, -0.6213, 0.01
0.1297, -0.6164, 0.01
0.1414, -0.6125, 0.01
0.1545, -0.6078, 0.01
0.1633, -0.6021, 0.01
0.1729, -0.5946, 0.01
0.1871, -0.5882, 0.01
0.2008, -0.5827, 0.01
0.2136, -0.5742, 0.01
0.2234, -0.5687, 0.01
0.2337, -0.5615, 0.01
0.2466, -0.5552, 0.01
0.2554, -0.5481, 0.01
0.2642, -0.5395, 0.01
0.2804, -0.5320, 0.01
0.2904, -0.5229, 0.01
0.3033, -0.5153, 0.01
0.3131, -0.5084, 0.01
0.3233, -0.4996, 0.01
0.3410, -0.4903, 0.01
0.3516, -0.4804, 0.01
0.3648, -0.4744, 0.01
0.3739, -0.4691, 0.01
0.3827, -0.4630, 0.01
0.3909, -0.4538, 0.01
0.4027, -0.4476, 0.01
0.4117, -0.4423, 0.01
0.4222, -0.4326, 0.01
0.4313, -0.4258, 0.01
0.4385, -0.4183, 0.01
0.4459, -0.4135, 0.01
0.4552, -0.4079, 0.01
0.4614, -0.4014, 0.01
0.4685, -0.3925, 0.01
0.4790, -0.3865, 0.01
0.4867, -0.3791, 0.01
0.4924, -0.3718, 0.01
0.4979, -0.3669, 0.01
0.5047, -0.3619, 0.01
0.5113, -0.3538, 0.01
0.5180, -0.3481, 0.01
0.5248, -0.3421, 0.01
0.5309, -0.3355, 0.01
0.5389, -0.3289, 0.01
0.5437, -0.3199, 0.01
0.5501, -0.3150, 0.01
0.5557, -0.3094, 0.01
0.5633, -0.3036, 0.01
0.5703, -0.2950, 0.01
0.5750, -0.2908, 0.01
0.5798, -0.2868, 0.01
0.5859, -0.2826, 0.01
0.5906, -0.2768, 0.01
0.5964, -0.2710, 0.01
0.6041, -0.2654, 0.01
0.6095, -0.2600, 0.01
0.6144, -0.2515, 0.01
0.6189, -0.2440, 0.01
0.6238, -0.2364, 0.01
0.6279, -0.2269, 0.01
0.6289, -0.2166, 0.01
0.6309, -0.2067, 0.01
0.6356, -0.1989, 0.01
0.6392, -0.1908, 0.01
0.6415, -0.1793, 0.01
0.6427, -0.1701, 0.01
0.6456, -0.1606, 0.01
0.6492, -0.1512, 0.01
0.6530, -0.1373, 0.01
0.6560, -0.1270, 0.01
0.6578, -0.1141, 0.01
0.6610, -0.1016, 0.01
0.6632, -0.0919, 0.01
0.6637, -0.0824, 0.01
0.6627, -0.0688, 0.01
0.6612, -0.0534, 0.01
0.6613, -0.0382, 0.01
0.6604, -0.0280, 0.01
0.6583, -0.0146, 0.01
0.6550, -0.0028, 0.01
0.6534, 0.0128, 0.01
0.6526, 0.0269, 0.01
0.6498, 0.0374, 0.01
0.6470, 0.0484, 0.01
0.6445, 0.0605, 0.01
0.6425, 0.0763, 0.01
0.6394, 0.0877, 0.01
0.6365, 0.0995, 0.01
0.6335, 0.1125, 0.01
0.6303, 0.1303, 0.01
0.6276, 0.1451, 0.01
0.6245, 0.1577, 0.01
0.6190, 0.1674, 0.01
0.6150, 0.1781, 0.01
0.6108, 0.1919, 0.01
0.6044, 0.2012, 0.01
0.5974, 0.2142, 0.01
0.5925, 0.2290, 0.01
0.5862, 0.2399, 0.01
0.5802, 0.2526, 0.01
0.5709, 0.2622, 0.01
0.5646, 0.2766, 0.01
0.5561, 0.2903, 0.01
0.5458, 0.2990, 0.01
0.5379, 0.3079, 0.01
0.5308, 0.3216, 0.01
0.5237, 0.3325, 0.01
0.5130, 0.3422, 0.01
0.5054, 0.3513, 0.01
0.4996, 0.3637, 0.01
0.4921, 0.3727, 0.01
0.4846, 0.3809, 0.01
0.4745, 0.3939, 0.01
0.4679, 0.4016, 0.01
0.4633, 0.4088, 0.01
0.4574, 0.4173, 0.01
0.4480, 0.4242, 0.01
0.4424, 0.4346, 0.01
0.4354, 0.4443, 0.01
0.4259, 0.4502, 0.01
0.4179, 0.4593, 0.01
0.4099, 0.4667, 0.01
0.4045, 0.4765, 0.01
0.3950, 0.4826, 0.01
0.3846, 0.4916, 0.01
0.3767, 0.5021, 0.01
0.3715, 0.5087, 0.01
0.3654, 0.5138, 0.01
0.3589, 0.5212, 0.01
0.3490, 0.5314, 0.01
0.3434, 0.5380, 0.01
0.3358, 0.5433, 0.01
0.3305, 0.5471, 0.01
0.3260, 0.5547, 0.01
0.3193, 0.5610, 0.01
0.3101, 0.5680, 0.01
0.3018, 0.5748, 0.01
0.2968, 0.5816, 0.01
0.2918, 0.5882, 0.01
0.2858, 0.5957, 0.01
0.2770, 0.6016, 0.01
0.2712, 0.6089, 0.01
0.2654, 0.6161, 0.01
0.2586, 0.6232, 0.01
0.2443, 0.6281, 0.01
0.2358, 0.6320, 0.01
0.2264, 0.6366, 0.01
0.2189, 0.6390, 0.01
0.2102, 0.6409, 0.01
0.2003, 0.6443, 0.01
0.1848, 0.6485, 0.01
0.1758, 0.6504, 0.01
0.1637, 0.6518, 0.01
0.1540, 0.6533, 0.01
0.1441, 0.6554, 0.01
0.1343, 0.6582, 0.01
0.1214, 0.6592, 0.01
0.1121, 0.6604, 0.01
0.0990, 0.6638, 0.01
0.0843, 0.6655, 0.01
0.0747, 0.6662, 0.01
0.0661, 0.6670, 0.01
0.0580, 0.6684, 0.01
0.0459, 0.6701, 0.01
0.0359, 0.6706, 0.01
0.0261, 0.6685, 0.01
0.0133, 0.6663, 0.01
0.0002, 0.6652, 0.01
-0.0136, 0.6641, 0.01
-0.0238, 0.6620, 0.01
-0.0340, 0.6579, 0.01
-0.0479, 0.6555, 0.01
-0.0613, 0.6530, 0.01
-0.0755, 0.6494, 0.01
-0.0861, 0.6457, 0.01
-0.0971, 0.6418, 0.01
-0.1118, 0.6372, 0.01
-0.1226, 0.6341, 0.01
-0.1333, 0.6303, 0.01
-0.1478, 0.6218, 0.01
-0.1615, 0.6155, 0.01
-0.1745, 0.6065, 0.01
-0.1840, 0.6002, 0.01
-0.1970, 0.5921, 0.01
-0.2107, 0.5831, 0.01
-0.2242, 0.5735, 0.01
-0.2339, 0.5662, 0.01
-0.2431, 0.5589, 0.01
-0.2523, 0.5485, 0.01
-0.2655, 0.5404, 0.01
-0.2759, 0.5302, 0.01
-0.2867, 0.5233, 0.01
-0.2997, 0.5143, 0.01
-0.3116, 0.5069, 0.01
-0.3214, 0.5001, 0.01
-0.3351, 0.4915, 0.01
-0.3444, 0.4839, 0.01
-0.3528, 0.4727, 0.01
-0.3666, 0.4628, 0.01
-0.3753, 0.4568, 0.01
-0.3860, 0.4480, 0.01
-0.3927, 0.4413, 0.01
-0.3999, 0.4350, 0.01
-0.4077, 0.4271, 0.01
-0.4173, 0.4205, 0.01
-0.4257, 0.4108, 0.01
-0.4353, 0.4019, 0.01
-0.4432, 0.3957, 0.01
-0.4512, 0.3851, 0.01
-0.4605, 0.3766, 0.01
-0.4663, 0.3683, 0.01
-0.4718, 0.3635, 0.01
-0.4788, 0.3556, 0.01
-0.4860, 0.3482, 0.01
-0.4925, 0.3394, 0.01
-0.5009, 0.3346, 0.01
-0.5060, 0.3295, 0.01
-0.5110, 0.3233, 0.01
-0.5194, 0.3149, 0.01
-0.5290, 0.3075, 0.01
-0.5347, 0.2998, 0.01
-0.5410, 0.2935, 0.01
-0.5470, 0.2873, 0.01
-0.5537, 0.2798, 0.01
-0.5613, 0.2739, 0.01
-0.5671, 0.2659, 0.01
-0.5726, 0.2586, 0.01
-0.5821, 0.2531, 0.01
-0.5903, 0.2445, 0.01
-0.5950, 0.2376, 0.01
-0.6012, 0.2299, 0.01
-0.6068, 0.2215, 0.01
-0.6133, 0.2139, 0.01
-0.6162, 0.2057, 0.01
-0.6185, 0.1960, 0.01
-0.6217, 0.1894, 0.01
-0.6239, 0.1816, 0.01
-0.6260, 0.1685, 0.01
-0.6290, 0.1588, 0.01
-0.6313, 0.1515, 0.01
-0.6338, 0.1431, 0.01
-0.6357, 0.1321, 0.01
-0.6379, 0.1226, 0.01
-0.6408, 0.1138, 0.01
-0.6431, 0.1035, 0.01
-0.6444, 0.0952, 0.01
-0.6456, 0.0827, 0.01
-0.6467, 0.0729, 0.01
-0.6460, 0.0593, 0.01
-0.6430, 0.0496, 0.01
-0.6409, 0.0367, 0.01
-0.6385, 0.0260, 0.01
-0.6362, 0.0145, 0.01
-0.6333, -0.0002, 0.01
-0.6291, -0.0137, 0.01
-0.6262, -0.0284, 0.01
-0.6231, -0.0403, 0.01
-0.6194, -0.0519, 0.01
-0.6165, -0.0647, 0.01
-0.6142, -0.0737, 0.01
-0.6132, -0.0839, 0.01
-0.6109, -0.0990, 0.01
-0.6062, -0.1134, 0.01
-0.6035, -0.1226, 0.01
-0.6023, -0.1317, 0.01
-0.6017, -0.1459, 0.01
-0.6002, -0.1571, 0.01
-0.5960, -0.1682, 0.01
-0.5931, -0.1793, 0.01
-0.5913, -0.1944, 0.01
-0.5876, -0.2088, 0.01
-0.5827, -0.2182, 0.01
-0.5750, -0.2304, 0.01
-0.5708, -0.2400, 0.01
-0.5678, -0.2497, 0.01
-0.5630, -0.2641, 0.01
-0.5574, -0.2726, 0.01
-0.5521, -0.2861, 0.01
-0.5483, -0.2957, 0.01
-0.5420, -0.3067, 0.01
-0.5367, -0.3153, 0.01
-0.5322, -0.3284, 0.01
-0.5257, -0.3380, 0.01
-0.5166, -0.3488, 0.01
-0.5094, -0.3567, 0.01
-0.5032, -0.3689, 0.01
-0.4970, -0.3781, 0.01
-0.4865, -0.3857, 0.01
-0.4787, -0.3951, 0.01
-0.4720, -0.4034, 0.01
-0.4609, -0.4142, 0.01
-0.4488, -0.4237, 0.01
-0.4396, -0.4316, 0.01
-0.4324, -0.4401, 0.01
-0.4262, -0.4504, 0.01
-0.4166, -0.4568, 0.01
-0.4061, -0.4663, 0.01
-0.3989, -0.4790, 0.01
-0.3899, -0.4875, 0.01
-0.3829, -0.4940, 0.01
-0.3758, -0.5003, 0.01
-0.3671, -0.5112, 0.01
-0.3599, -0.5197, 0.01
-0.3525, -0.5260, 0.01
-0.3442, -0.5322, 0.01
-0.3374, -0.5406, 0.01
-0.3288, -0.5498, 0.01
-0.3213, -0.5544, 0.01
-0.3145, -0.5580, 0.01
-0.3072, -0.5650, 0.01
-0.3011, -0.5735, 0.01
-0.2911, -0.5803, 0.01
-0.2827, -0.5850, 0.01
-0.2785, -0.5907, 0.01
-0.2739, -0.5969, 0.01
-0.2675, -0.6048, 0.01
-0.2583, -0.6110, 0.01
-0.2521, -0.6160, 0.01
-0.2429, -0.6209, 0.01
-0.2307, -0.6233, 0.01
-0.2217, -0.6266, 0.01
-0.2141, -0.6296, 0.01
-0.2068, -0.6320, 0.01
-0.1949, -0.6333, 0.01
-0.1846, -0.6352, 0.01
-0.1754, -0.6382, 0.01
-0.1654, -0.6395, 0.01
-0.1545, -0.6399, 0.01
-0.1447, -0.6405, 0.01
-0.1318, -0.6435, 0.01
-0.1237, -0.6453, 0.01
-0.1132, -0.6450, 0.01
-0.1010, -0.6440, 0.01
-0.0916, -0.6458, 0.01
-0.0805, -0.6468, 0.01
-0.0728, -0.6455, 0.01
-0.0610, -0.6434, 0.01
-0.0461, -0.6408, 0.01
-0.0363, -0.6398, 0.01
-0.0259, -0.6392, 0.01
-0.0180, -0.6383, 0.01
-0.0082, -0.6369, 0.01
0.0029, -0.6355, 0.01
0.0171, -0.6329, 0.01
0.0263, -0.6298, 0.01
0.0357, -0.6268, 0.01
0.0463, -0.6237, 0.01
0.0661, -0.6201, 0.01
0.0768, -0.6144, 0.01
0.0901, -0.6102, 0.01
0.1009, -0.6067, 0.01
0.1131, -0.6026, 0.01
0.1295, -0.5982, 0.01
0.1391, -0.5931, 0.01
0.1474, -0.5869, 0.01
0.1598, -0.5830, 0.01
0.1749, -0.5777, 0.01
0.1851, -0.5731, 0.01
0.1940, -0.5690, 0.01
0.2030, -0.5651, 0.01
0.2167, -0.5626, 0.01
0.2270, -0.5571, 0.01
0.2434, -0.5495, 0.01
0.2527, -0.5457, 0.01
0.2622, -0.5426, 0.01
0.2748, -0.5389, 0.01
0.2840, -0.5335, 0.01
0.2937, -0.5280, 0.01
0.3033, -0.5234, 0.01
0.3173, -0.5195, 0.01
0.3254, -0.5138, 0.01
0.3380, -0.5091, 0.01
0.3481, -0.5042, 0.01
0.3569, -0.4973, 0.01
0.3661, -0.4917, 0.01
0.3735, -0.4842, 0.01
0.3849, -0.4760, 0.01
0.3956, -0.4688, 0.01
0.4016, -0.4618, 0.01
0.4101, -0.4533, 0.01
0.4176, -0.4472, 0.01
0.4250, -0.4402, 0.01
0.4317, -0.4298, 0.01
0.4412, -0.4229, 0.01
0.4
