1,2,3,4
0,0,0,0
0,0,0,0
0,0,0,0
0,0,0,0
0,0,0,0
0,0,0,0
0,0,0,0
0,0,0,0
0,0,0,0
0,0,0,0
0,0,0,0
0,0,0,0
0,0,0,0
0,0,0,0
0,0,0,0
0,0,0,0
0,0,0,0
0,0,0,0
0,0,0,0
0,0,0,0
0,0,0,0
0,0,0,0
0,0,0,0
0,0,0,0
0,0,0,0
0,0,0,0
0,0,0,0
0,0,0,0
2.396,1.608,1.92,1.92
11.685,14.15,13.358,14.64
28.109,26.533,26.065,30.55
37.44,33.141,39.26,34.16
26.294,22.38,28.412,24.78
29.946,27.227,22.254,30.23
38.853,36.347,29.925,40.63
49.107,41.489,40.452,41.81
43.507,37.889,45.743,40.78
39.137,43.377,35.01,48.66
42.114,51.217,36.198,53.08
53.676,46.224,43.035,42.95
61.339,36.986,54.057,40.1
43.984,40.747,54.159,48.45
37.111,50.251,38.219,52.39
41.082,51.299,36.498,38.52
47.696,37.685,43.298,30.86
63.257,24.775,53.501,34.89
68.683,29.855,63.362,40.74
54.526,36.64,66.675,24.28
48.921,22.772,66.989,16.42
54.433,16.028,71.656,25.13
63.147,21.802,75.258,32.46
70.226,30.713,83.635,20.28
76.898,15.667,86.042,4.03
80.756,-0.95,83.907,10.24
79.817,2.786,82.849,19.71
82.751,15.658,86.82,10.89
86.89,18.06,90.488,-1.4
85.578,7.567,87.826,7.47
89.043,13.279,89.931,17.22
93.127,23.699,91.694,8.95
92.348,15.202,94.429,0.57
91.518,-0.673,99.206,10.04
93.573,7.975,96.593,19.17
92.432,17.365,88.692,9.44
76.128,11.163,62.942,-5.15
50.695,-5.516,55.542,4.19
43.267,-6.652,56.489,11.7
48.151,2.243,59.71,2.41
51.069,-4.052,45.699,-9.71
41.163,-13.236,31.844,-2.84
32.977,-8.473,32.544,6.74
38.085,-4.319,40.237,-2.99
41.347,-14.936,42.117,-10.16
32.228,-23.79,29.678,-1.95
31.076,-15.108,30.404,1.08
38.216,-5.016,38.803,-9.78
39.25,-7.241,36.294,-17.43
28.81,-20.198,20.904,-11.69
14.733,-31.495,1.61,-18.49
15.899,-26.504,4.372,-28.96
23.102,-27.169,12.377,-38.72
6.869,-39.557,2.73,-29.85
-7.748,-42.977,-8.651,-34.63
-1.53,-33.003,-0.737,-44.2
12.246,-31.243,13.166,-52.3
4.952,-38.076,3.222,-49.47
-6.564,-47.819,-9.991,-41.33
-1.587,-48.341,0.642,-42.88
9.179,-44.803,10.669,-51.09
0.858,-49.189,-2.192,-57.04
-12.018,-55.485,-11.441,-49.83
-5.532,-56.405,-1.274,-43.81
9.827,-53.157,11.138,-47.38
4.755,-57.138,1.028,-54.45
-7.976,-62.162,-9.162,-63.8
-4.738,-63.311,-1.422,-60.64
7.334,-57.257,8.666,-42.1
0.43,-57.419,1.71,-38.79
-10.251,-63.901,-9.855,-44.28
0.43,-66.098,-0.75,-53.53
12.022,-52.125,12.965,-63.1
5.251,-49.759,3.119,-46.83
-7.251,-54.88,-9.867,-46.43
-1.332,-61.24,-2.168,-52.52
12.479,-57.837,7.677,-58.9
6.006,-54.151,-3.27,-59
-6.264,-57.075,-11.797,-58.77
-0.924,-62.281,-0.571,-64.11
12.778,-63.801,11.212,-67.41
4.825,-63.432,-0.677,-57.07
-8.926,-59.603,-10.515,-48.93
-2.206,-58.796,-1.471,-50.34
8.632,-61.697,8.855,-55.38
-0.386,-59.297,-1.598,-52.93
-9.586,-56.789,-13.05,-49.59
-3.917,-58.71,-7.955,-53.62
-3.314,-63.913,-6.112,-59.08
-14.585,-60.356,-16.957,-52.71
-25.77,-40.312,-28.398,-40.27
-17.454,-37.983,-16.365,-39.65
-0.441,-42.723,-6.216,-48.41
-5.081,-54.798,-14.516,-53.58
-17.381,-54.059,-23.858,-36.17
-19.137,-36.464,-19.01,-26.33
-7.191,-34.476,-8.26,-29.57
-12.287,-40.855,-15.195,-41.85
-26.044,-47.67,-26.633,-43.56
-33.153,-32.949,-35.42,-32.28
-27.376,-23.623,-28.694,-24.02
-27.102,-25,-30.645,-31.37
-39.991,-32.188,-42.262,-34.5
-42.384,-31.686,-50.334,-24.15
-31.696,-19.154,-34.793,-28.12
-29.773,-19.008,-34.113,-33.72
-37.363,-28.773,-44.121,-28.95
-46.794,-31.747,-48.758,-24.76
-50.375,-22.147,-43.478,-31.57
-37.157,-22.756,-43.367,-36.31
-33.435,-32.059,-54.056,-24.14
-38.884,-32.562,-56.794,-19.47
-46.287,-19.507,-41.997,-25.78
-48.775,-21.803,-40.125,-34.47
-54.543,-29.802,-47.529,-24.89
-61.527,-30.907,-56.883,-12.64
-65.009,-20.646,-55.563,-17.47
-64.302,-22.304,-53.893,-25.8
-65.918,-29.465,-58.254,-30.23
-72.254,-28.3,-64.758,-19.56
-72.933,-17.892,-66.837,-25.13
-58.148,-20.493,-53.509,-33.57
-53.663,-29.672,-48.338,-32.81
-55.776,-29.443,-53.86,-18.08
-64.731,-14.934,-62.138,-21.73
-69.608,-16.869,-61.712,-31.45
-49.987,-28.508,-60.482,-26.94
-46.076,-30.444,-65.771,-13.64
-48.569,-21.767,-70.284,-19.96
-54.947,-24.199,-69.586,-26.21
-61.677,-30.369,-67.013,-12.92
-62.285,-17.227,-71.393,0.1
-54.761,0.923,-75.401,-10.25
-54.688,-5.315,-68.363,-16.31
-61.847,-14.942,-57.678,-5.15
-65.663,-8.35,-56.583,2.09
-55.309,5.617,-62.242,-6.22
-52.833,-1.566,-64.471,-16.93
-54.002,-11.81,-50.224,-5.51
-59.405,-5.438,-42.825,5.31
-62.665,6.249,-48.052,-6.58
-46.193,-3.144,-57.447,-13.92
-43.21,-15.095,-56.55,-4
-45.996,-6.401,-41.658,9.15
-52.692,6.689,-40.279,0.11
-58.252,1.397,-47.227,-11.05
-60.012,-10.328,-55.833,-3.38
-55.031,-5.532,-57.845,8.6
-56.758,6.423,-42.118,-2.05
-61.652,-0.56,-40.643,-11.46
-65.07,-12.192,-47.437,-2.66
-61.107,-7.055,-55.261,8.05
-57.918,4.744,-55.352,2.06
-60.447,-3.552,-39.386,-8.59
-63.239,-11.889,-38.936,2.22
-62.723,-4.892,-45.406,10.9
-63.839,6.674,-53.438,3.5
-69.558,1.176,-45.302,-7.49
-68.496,-9.746,-47.423,2.49
-59.484,0.27,-54.675,10.33
-58.097,13.411,-61.404,0.97
-64.595,3.295,-44.713,-10.96
-65.701,-9.44,-42.15,-0.59
-52.47,-2.202,-46.781,11.11
-45.179,10.989,-56.925,3.6
-44.318,5.702,-55.459,-7.69
-52.82,-6.51,-40.421,3.06
-56.307,1.401,-41.711,12.25
-43.772,14.629,-47.516,3.67
-40.695,8.622,-52.005,-7.59
-44.912,-3.568,-39.727,2.46
-54.114,3.842,-42.086,12.67
-54.904,15.814,-47.711,3.81
-41.887,9.189,-56.498,-6.12
-39.304,-1.732,-57.152,0.69
-44.214,3.523,-40.422,11.3
-51.041,15.111,-40.908,0.51
-54.732,5.79,-47.866,-10.16
-52.406,-8.246,-53.119,-1.7
-50.245,-2.338,-40.478,10.07
-53.718,19.903,-41.314,6.7
-54.812,31.185,-48.31,18.47
-49.024,21.223,-55.503,28.02
-45.185,9.428,-43.046,23.24
-48.448,14.288,-28.375,15.91
-53.294,28.185,-30.936,22.86
-49.187,33.794,-40.561,32.93
-36.373,24.872,-42.837,39.53
-34.543,24.544,-31.056,28.48
-40.294,34.99,-31.72,30.25
-45.81,43.53,-44.44,42.15
-33.617,32.4,-48.582,46.05
-33.112,24.618,-34.437,34.56
-38.797,28.891,-26.682,25.15
-47.925,43.48,-32.226,30.86
-29.609,48.204,-38.633,44.33
-11.656,46.512,-26.857,54.22
-9.338,50.335,-20.102,52.83
-20.646,59.49,-25.008,38.69
-26.47,66.253,-32.523,41.41
-18.76,52.927,-19.982,49.12
-15.577,45.892,-15.94,58.67
-20.671,49.752,-24.534,61.5
-32.009,60.232,-32.417,45.99
-18.335,66.073,-22.095,46.03
-2.606,48.71,-15.14,51.51
-5.659,44.59,-19.494,59.48
-15.218,50.458,-29.98,64.61
-21.435,60.576,-23.427,70.36
-11.27,63.708,-8.224,71.88
-15.696,57.647,-10.955,71.03
-25.552,57.718,-21.077,73.35
-15.49,68.476,-5.347,78.48
-0.447,70.638,4.597,77.76
-4.116,58.083,-1.732,69.59
-12.636,51.606,-11.145,68.73
-5.753,57.411,-8.885,75.82
2.099,65.741,1.214,77.86
-4.421,68.153,-7.429,70.23
-15.615,65.969,-15.438,70.86
-8.763,68.343,-5.942,76.05
6.676,74.095,4.809,77.53
-0.952,76.9,-6.451,70.83
-14.348,74.939,-17.042,71.44
-9.275,74.561,-8.987,76.6
6.41,78.768,3.195,77.07
-1.124,82.388,-5.848,59.58
-10.715,74.4,-15.713,55.98
-2.891,61.959,-7.743,61.21
9.2,60.862,5.363,64.73
-0.877,67.401,-1.48,58.16
-10.061,68.543,-11.416,48.93
-3.902,49.857,-3.674,50.34
6.64,43.382,8.283,58.05
0.812,49.559,-1.409,61.78
-11.396,56.076,-10.324,45.99
-3.174,55.554,-0.453,44.49
7.763,41.086,10.774,51.13
1.549,36.93,-0.247,53.41
-10.118,43.53,-10.71,41.16
-1.994,52.191,-3.555,41.87
8.577,44.118,7.901,48.93
-1.735,42.69,-1.793,53.36
-11.654,49.508,-13.178,38.23
-5.364,58.193,-6.44,37.99
4.934,50.443,4.911,46.97
-0.617,35.745,-1.068,52.65
-11.381,35.866,-11.111,50.64
-0.463,46.071,-1.243,46.63
9.647,53.38,11.75,50.95
3.186,41.365,5.088,57.12
-7.284,29.371,-6.643,52.89
2.895,32.93,3.642,39.04
13.755,41.62,14.644,37.75
5.881,51.253,6.276,44.38
-5.462,47.077,-5.634,51.84
-3.126,37.665,-1.606,41.61
9.453,41.045,8.083,31.79
3.882,50.73,-0.407,37.19
-0.225,54.526,-2.745,45.7
5.226,52.435,5.581,49.07
24.88,53.162,25.429,37.69
33.279,59.702,30.322,41.46
24.669,59.537,21.367,48.41
24.543,47.524,24.873,47.56
33.68,47.9,35.092,44.74
43.707,57.057,40.891,51.35
33.865,63.178,38.903,53.74
23.827,45.959,35.242,39.19
26.255,32.974,40.227,39.26
38.161,33.903,46.317,44.31
44.719,44.068,44.646,52.52
34.124,48.007,41.132,45.54
34.214,32.385,46.869,34.89
41.324,33.25,51.502,39.21
48.24,43.407,44.24,46.09
45.122,51.87,38.836,48.01
39.566,44.338,41.676,37.24
41.803,29.477,50.388,37.66
49.416,27.046,57.916,43.06
58.15,34.96,57.3,41.13
59.81,43.327,49.23,26.44
43.394,32.718,49.306,29.36
37.602,15.287,56.952,36.5
44.581,18.995,59.279,34.89
50.997,26.888,43.627,20.99
52.573,22.484,42.187,23.93
53.685,14.792,48.004,32.36
59.826,19.623,56.595,25.4
65.097,28.694,59.562,15.07
57.217,21.443,43.187,20.51
54.333,13.772,40.563,29
58.659,17.637,45.321,29.19
66.848,27.364,55.58,16.86
64.895,13.968,60.345,23.08
52.553,8.35,47.825,29.3
47.947,15.529,41.935,17.98
54.161,25.576,50.775,0.37
63.046,13.278,57.063,9.43
62.203,-2.577,56.486,17.18
54.254,0.696,52.771,5.07
55.106,12.7,53.45,-5.44
63.664,7.368,59.639,2.78
67.652,-2.584,65.56,14.08
66.276,4.257,65.619,7.21
65.229,14.499,62.791,-5.11
68.946,2.404,65.654,5.19
73.17,-8.631,73.082,14.02
71.485,-1.347,72.456,6.73
70.344,10,51.559,-6.92
71.209,6.091,45.169,2.06
74.685,-5.555,46.74,9.74
73.695,3.329,56.608,0.06
66.839,15.3,59.523,-13.13
65.642,3.553,42.051,1.78
70.37,-9.047,39.316,11.26
69.593,-4.301,47.264,0.78
67.226,6.849,52.688,-9.01
68.902,-1.221,53.686,2.34
73.087,-11.62,50.91,11.12
72.8,-0.027,53.922,1.7
65.808,11.328,59.808,-10.17
64.222,5.03,64.081,-4.09
68.429,-5.36,63.086,5.75
73.147,1.911,64.958,-2.22
59.898,14.249,67.708,-10.91
52.981,8.359,70.599,-2.38
54.927,-5.788,70.73,6.64
58.249,3.119,65.608,-1.88
53.676,14.328,59.687,-13.18
54.311,6.772,62.856,-1.96
57.977,-8.598,64.646,7.71
60.736,-0.541,56.66,-3.2
51.81,12.64,50.722,-10.85
47.24,6.149,53.041,-0.71
48.898,-6.882,56.967,9.06
54.904,1.956,55.339,-4.63
56.056,14.189,47.036,-13.03
43.351,7.146,49.494,-2.19
41.078,-5.961,53.783,7.39
46.656,-2.855,55.136,-2.2
54.805,8.877,47.498,-12.8
45.091,1.214,48.98,-2.59
34.963,-10.549,54.375,4.53
34.341,-2.847,55.257,-2.27
40.2,8.531,49.025,-17.41
36.534,0.881,38.958,-28.7
20.195,-16.111,42.221,-21.02
21.563,-27.275,45.05,-25.65
31.413,-22.273,32.438,-36.91
33.938,-23.822,23.394,-40
20.662,-33.049,28.696,-30.79
23.09,-42.683,36.1,-34.59
32.405,-38.995,25.344,-43.02
33.431,-32.06,14.279,-52.68
17.848,-34.519,22.999,-47.34
19.652,-43.554,29.114,-34.12
28.516,-50.23,20.758,-33.83
37.403,-39.636,14.424,-41.85
26.984,-34.769,22.278,-49.94
20.163,-40.394,31.028,-50.54
23.115,-48.584,20.888,-53.43
30.875,-58.271,4.153,-57.6
20.25,-59.495,8.973,-67.51
5.962,-56.887,17.353,-69.28
10.36,-59.827,7.933,-67.37
21.251,-64.647,7.125,-69.17
17.777,-70.016,17.338,-74.76
4.221,-75.722,24.866,-78.68
10.338,-76.514,11.044,-77.05
19.477,-73.147,0.564,-75.17
11.966,-72.85,5.805,-77.72
7.901,-77.351,18.269,-82.36
16.307,-80.845,19.615,-81.53
27.914,-79.503,11.828,-77.61
19.79,-73.568,12.959,-76.63
3.136,-71.394,22.679,-80.36
11.367,-75.266,22.553,-78.38
19.37,-78.864,13.76,-56.49
9.417,-72.268,17.253,-52.1
-1.207,-61.037,25.206,-58.18
8.829,-58.873,12.594,-63.41
18.478,-61.736,3.691,-63.28
13.221,-67.471,10.11,-59.65
-1.603,-66.141,19.644,-61.93
5.88,-61.559,6.971,-68.02
15.207,-61.655,-1.329,-69.03
11.3,-68.93,5.513,-56.23
2.357,-73.114,15.338,-52.66
6.918,-57.618,7.539,-57.26
15.857,-51.982,-5.155,-66.45
8.985,-55.84,4.026,-67.1
-2.075,-59.217,13.02,-52.55
1.833,-55.286,6.152,-36.4
14.55,-47.563,-4.135,-37.96
2.542,-50.284,5.111,-45.86
-6.064,-54.903,16.484,-46.56
2.022,-54.062,4.655,-32.97
12.2,-44.136,-7.819,-35.29
4.393,-45.226,-0.576,-44.26
-6.859,-51.081,10.852,-45.6
-1.965,-53.082,3.676,-39.51
8.708,-53.878,-8.874,-44.47
0.146,-50.506,0.388,-50.87
-9.434,-51.969,12.732,-49.49
-3.743,-57.598,5.608,-37.87
8.18,-55.762,-7.245,-40.45
-0.881,-45.164,1.443,-46.88
-9.979,-42.95,12.668,-52.65
-4.413,-47.339,5.592,-41.03
1.299,-54.246,-6.491,-31.73
-10.836,-50.527,0.637,-37.27
-21.488,-44.187,4.628,-46.31
-13.208,-46.355,-8.382,-42.61
-0.016,-54.129,-19.027,-36.6
-7.015,-56.593,-10.602,-41.84
-14.134,-40.692,2.801,-46.77
-8.238,-38.269,-5.851,-50.14
-5.509,-41.564,-16.074,-47.59
-14.498,-53.338,-6.34,-52.08
-25.29,-51.744,3.622,-58.39
-17.728,-34.261,-4.912,-56.61
-0.74,-32.723,-14.781,-41.19
-1.99,-40.952,-11.508,-40.72
-17.392,-44.728,-18.524,-48.22
-27.581,-34.248,-30.8,-48.41
-20.555,-32.343,-33.757,-37.93
-20.134,-39,-31.539,-37.22
-28.551,-45.571,-39.046,-45.48
-36.742,-31.276,-43.903,-44.98
-39.026,-30.071,-33.131,-33.25
-28.578,-36.949,-32.055,-32.89
-30.156,-41.266,-40.986,-42.38
-38.914,-28.038,-47.294,-44.18
-41.598,-27.694,-35.526,-30.35
-33.761,-37.293,-32.47,-31.65
-32.36,-43.613,-41.438,-39.7
-44.042,-31.268,-46.071,-40.12
-49.557,-28.878,-32.288,-25.71
-37.56,-34.63,-31.877,-29.13
-34.947,-39.951,-44.056,-35.78
-42.128,-24.604,-49.351,-33.66
-49.457,-18.241,-47.561,-20.27
-52.826,-24.218,-47.794,-23.13
-51.611,-32.592,-54.597,-30.24
-55.722,-22.162,-60.886,-24.57
-60.95,-7.914,-54.794,-20.75
-61.81,-14.381,-56.344,-27.29
-59.525,-23.002,-63.292,-35.55
-62.178,-14.829,-68.75,-21.74
-65.353,-16.993,-63.034,-14.57
-69.874,-24.275,-58.451,-23.32
-65.862,-25.62,-60.803,-27.6
-61.39,-18.524,-66.64,-15.05
-64.541,-24.804,-68.936,-11
-68.262,-30.009,-64.852,-20.44
-68.312,-19.308,-65.681,-25.75
-63.55,-3.325,-71.944,-9.61
-64.481,-7.571,-71.341,1.98
-68.083,-16.142,-52.373,-4.18
-68.313,-6.424,-48.43,-13.8
-65.647,5.628,-51.438,-8.91
-69.415,0.994,-59.324,0.9
-70.597,-9.613,-62.206,-9.72
-70.469,0.282,-54.782,-15.16
-69.075,7.163,-56.108,-5.33
-71.467,-1.327,-60.609,0.09
-73.146,-11.853,-66.116,-11.67
-72.078,-2.584,-64.939,-16.87
-70.743,9.962,-61.307,-8.08
-71.149,3.308,-62.623,4.3
-72.266,-9.31,-66.912,-4.34
-71.608,0.366,-70.58,-12.26
-67.532,10.991,-53.567,-1
-66.258,5.489,-50.323,9.81
-67.533,-5.514,-53.881,2.65
-69.153,2.56,-60.608,-7.41
-63.712,12.115,-59.026,4.52
-56.82,3.409,-53.29,14.52
-55.745,-7.693,-53.5,6.31
-59.958,-1.917,-60.497,-2.48
-63.98,10.223,-64.994,8.42
-57.181,1.245,-56.62,16.87
-48.382,-10.785,-45.575,7.17
-47.083,-3.494,-47.438,-5.93
-54.217,9.001,-56.621,3.8
-59.214,-0.163,-60.708,13.13
-50.884,-10.57,-45.545,5.07
-45.736,-3.04,-42.696,-6.19
-50.865,10.734,-51.536,4.89
-54.097,2.873,-54.582,13.55
-42.715,-6.867,-41.362,2.82
-29.469,0.415,-40.981,-9.24
-30.088,13.165,-49.279,-2.04
-38.966,3.414,-52.994,8.84
-41.23,-6.706,-35.698,-2.22
-34.497,1.416,-27.632,-11.52
-33.857,11.148,-28.912,-2.05
-40.444,0.552,-42.614,7.56
-46.481,-9.699,-47.522,-3.01
-38.371,-2.538,-35.129,-11.61
-28.3,7.899,-25.608,-3.36
-31.172,-2.314,-31.397,8.1
-36.229,-12.842,-40.804,-2.27
-39.886,-6.297,-37.436,-10.42
-38.899,10.893,-31.98,-2.77
-42.029,24.359,-36.306,14.16
-50.9,16.467,-47.104,20.82
-49.675,13.613,-49.206,15.94
-33.535,21.465,-37.145,24.82
-31.304,33.439,-31.602,34.69
-40.117,27.466,-38.688,36.72
-47.186,17.372,-44.795,23.36
-35.054,20.692,-35.427,25.67
-25.882,30,-30.551,37.45
-25.234,39.07,-35.306,42.64
-35.303,29.31,-44.647,34.32
-41.459,21.283,-45.055,37.78
-31.67,25.454,-30.241,46.01
-27.65,37.663,-30.815,46.95
-34.646,43.976,-43.817,43.72
-41.902,29.401,-49.314,48.17
-31.485,30.008,-32.484,56.46
-20.261,37.711,-19.773,60.03
-23.33,51.452,-25.921,62.5
-34.231,53.392,-36.277,68.38
-33.456,46.635,-35.026,71.75
-22.286,48.204,-23.102,72.85
-22.817,58.874,-24.938,71.23
-33.525,66.54,-32.966,75.33
-34.822,62.219,-32.801,78.02
-24.522,47.871,-28.121,79.31
-22.948,40.612,-32.218,76.22
-31.021,49.535,-39.702,78.6
-38.731,57.75,-32.415,82.1
-29.25,60.099,-21.128,81.29
-20.1,48.566,-26.676,76.59
-24.025,44.959,-34.549,77.27
-31.888,52.365,-34.083,80.49
-28.48,58.492,-19.88,81.37
-13.618,48.088,-21.794,61.51
-17.04,38.858,-27.234,56.81
-24.607,43.609,-16.078,61.67
-16.652,53.349,-0.7,66.78
-0.763,56.318,-4.286,64.45
-2.732,54.582,-15.261,52.9
-11.607,59.511,-7.919,50.73
-2.205,65.294,3.896,58.53
-0.828,59.895,-5.921,64.92
-9.718,54.12,-15.766,49.86
-20.947,58.376,-7.837,49.13
-8.831,65.291,4.573,55.34
3.117,64.268,-1.479,59.76
-0.77,58.906,-13.179,43.35
-10.128,61.632,-2.042,35.59
0.14,64.694,10.545,39.24
10.662,57.149,-0.219,47.47
2.989,55.316,-10.837,48.17
-8.194,62.723,-3.432,47.2
-4.162,63.602,5.877,53.46
8.649,49.769,-0.1,56.22
3.996,38.717,-10.598,45.48
-6.684,38.633,-3.03,44.02
-1.198,45.599,7.596,51.58
12.094,55.191,-3.806,56.94
1.182,44.414,-13.698,51.81
-9.94,33.923,-4.448,42.48
-6.358,33.928,9.396,44.46
8.024,44.267,1.505,55.03
0.83,52.227,-9.961,54.26
-1.508,40.853,1.034,37.91
8.452,36.217,10.379,38.25
19.996,44.209,4.227,48.5
8.12,51.873,2.381,50.84
-3.729,41.547,13.781,39.64
0.817,38.93,22.745,39.52
11.677,47.281,9.572,49.45
1.936,54.088,-0.541,53.21
-3.138,41.381,5.925,41.04
3.072,40.137,15.862,42.53
14.023,51.079,4.81,52.97
7.435,56.254,-5.213,56.4
-3.886,40.29,1.864,42.32
1.816,34.419,11.67,29.69
14.264,39.302,4.072,33.08
10.011,49.808,-2.061,44.66
-0.639,49.393,6.524,50.08
3.31,35.589,18.29,34.9
17.896,32.019,23.153,26.89
29.786,40.785,21.227,32.15
22.349,47.85,29.904,39.87
24.701,36.328,37.368,38.63
33.25,25.338,28.167,27.68
44.817,27.076,29.318,30.1
44.694,38.967,37.193,38.36
25.639,47.236,45.417,42.78
25.548,33.589,33.344,32.5
35.396,33.403,34.246,34.67
44.626,39.742,43.24,40.39
33.178,49.123,47.607,46.73
33.516,34.348,32.092,36.09
41.723,33.231,29.643,34.33
48.982,41.552,37.683,40.27
49.777,46.171,47.852,40.96
53.596,30.321,48.306,30.59
58.535,29.175,45.596,33.02
64.356,37.583,49.086,36.27
54.898,36.915,57.265,26.59
51.059,25.859,61.061,21.41
55.76,25.222,59.096,26.88
61.368,34.898,59.301,31.92
64.07,37.114,64.637,19.46
62.257,23.83,66.667,16.27
64.519,25.563,55.905,24.84
69.736,35.241,52.523,31.21
71.737,34.937,58.289,20.5
58.189,23.185,63.556,15.73
50.19,22.336,64.336,21.71
53.922,29.584,64.53,28.15
61.153,35.575,66.537,11.86
61.637,19.365,70.688,0.1
53.769,0.808,67.164,11.2
54.129,6.571,58.151,18.9
62.63,15.881,58.719,3.78
62.706,4.9,63.75,-4.96
55.302,-5.686,64.812,4.71
54.924,1.49,57.711,14.59
59.91,13.411,57.035,6.91
66.014,2.034,62.304,-3.93
50.459,-6.709,65.382,6.62
43.345,-1.627,58.691,14.2
46.956,8.626,55.627,7.6
53.366,12.489,57.362,-4.46
56.905,2.445,64.353,4.76
56.931,5.379,64.84,12.96
61.479,14.997,54.089,3.43
66.387,10.122,51.092,-8.19
60.887,-3.437,57.155,1.75
49.606,5.581,58.682,12.84
48.279,14.941,42.255,0.73
53.832,7,39.853,-7.35
60.76,-3.936,46.594,1.62
47.27,-0.24,53.76,9.49
44.926,10.687,52.24,0.33
50.498,5.171,40.923,-11.06
56.823,-6.56,41.386,-4.6
59.601,-0.695,46.831,5.26
53.757,12.728,56.45,-6.02
56.492,0.823,52.56,-16.26
62.168,-9.796,38.467,-8.97
62.482,-3.681,35.956,4.07
57.783,6.424,43.196,-5.15
61.341,-3.534,47.962,-14.57
64.897,-12.919,38.352,-5.2
58.069,-8.507,34.592,-3.13
53.558,-0.172,41.183,-15.4
57.708,-9.302,49.925,-22.52
62.661,-19.627,42.947,-8.86
46.588,-11.339,33.666,3.47
43.1,3.626,36.603,-6.11
48.36,-3.349,43.629,-13.88
57.089,-13.245,46.839,-2.62
60.274,-14.213,35.818,9.12
47.203,-6.596,33.373,3.48
38.334,-13.124,40.439,-5.46
43.949,-18.038,47.842,1.86
49.832,-8.22,48.489,-0.23
47.305,1.682,38.491,-10.87
38.124,-3.247,40.547,-20.56
39.117,-17.828,45.783,-14.77
47.663,-29.208,43.793,-23.47
45.6,-20.002,25.597,-31.28
32.824,-15.043,24.707,-32
32.051,-23.781,34.755,-20.08
37.906,-31.471,41.486,-25.71
41.099,-26.449,30.55,-34.99
36.882,-28.727,22.408,-41.58
39.402,-40.17,27.234,-28.48
46.224,-46.554,35.384,-24.7
45.689,-32.989,38.634,-30.58
31.719,-24.542,28.222,-38.03
27.788,-26.256,28.686,-33.95
36.64,-37.761,37.024,-33.73
44.535,-43.657,39.313,-40.11
33.743,-34.371,30.175,-46.21
24.927,-28.017,31.884,-46.21
28.335,-34.39,37.511,-46.63
34.943,-46.603,25.333,-51.43
24.727,-52.904,19.016,-60.35
16.907,-39.5,23.833,-61.63
21.219,-34.826,28.038,-59.23
30.364,-41.556,20.042,-62.39
24.157,-49.391,19.253,-65.39
16.698,-59.115,27.722,-66.32
22.046,-44.968,30.45,-70.18
31.44,-44.811,18.846,-75.65
18.945,-51.705,11.936,-73.79
12.111,-58.038,18.846,-61.44
20.041,-62.305,25.405,-59.63
27.869,-68.076,11.939,-64.17
18.483,-69.59,6.916,-69.59
6.074,-63.778,17.765,-68.21
9.789,-65.185,26.019,-61.57
18.43,-69.459,14.88,-62.27
10.853,-73.164,1.754,-68.46
-2.212,-74.237,5.618,-71.5
4.189,-71.459,14.943,-67.7
14.973,-73.9,4.281,-63.9
7.929,-77.138,-6.655,-66.24
-7.423,-75.007,4.392,-71.2
-1.178,-74.757,13.847,-67
10.857,-76.95,4.69,-61.15
5.396,-79.101,-7.869,-63.4
-5.36,-77.262,-2.258,-66.89
-1.318,-74.766,7.743,-71.8
10.5,-76.375,-3.397,-70.23
5.183,-77.996,-13.121,-65.49
-6.151,-68.312,-4.144,-65.83
-0.249,-59.598,6.846,-69.52
10.699,-58.584,-0.212,-65.8
2.632,-63.537,-10.924,-59.22
-8.704,-62.505,-1.764,-61.5
-2.076,-57.277,7.909,-65.57
8.829,-56.196,-0.287,-62.79
0.036,-61.109,-10.469,-52.77
-10.422,-63.731,0.82,-53.94
-4.266,-61.304,11.439,-58.13
7.361,-55.996,4.255,-61.14
0.998,-58.616,-6.553,-58.23
-9.138,-64.883,4.77,-53.9
-1.885,-63.561,11.52,-58.44
10.561,-51.494,2.532,-60.95
5.313,-49.257,-10.892,-56.32
-7.613,-55.295,-0.409,-39.04
4.355,-54.968,10.977,-39.5
14.165,-40.707,-1.02,-46.37
7.292,-34.96,-11.41,-42.48
-5.42,-40.469,0.069,-32.79
4.265,-46.962,9.512,-35.46
14.574,-36.952,1.076,-42.52
6.432,-26.445,-8.785,-39.45
-5.806,-29.761,-2.589,-30.49
1.149,-37.53,6.709,-33.19
10.212,-41.313,-0.647,-39.96
1.505,-28.574,-13.362,-40.88
-9.69,-27.999,-3.574,-38.35
-5.424,-40.558,7.06,-43.11
5.741,-46.953,-4.379,-46.21
0.542,-31.276,-16.742,-45.64
-13.601,-23.074,-24.779,-42.76
-25.726,-26.689,-18.318,-46.41
-19.689,-34.433,-24.121,-45.36
-14.845,-38.25,-36.017,-35.21
-19.333,-35.358,-38.583,-34.58
-28.892,-38.663,-34.632,-42.05
-36.066,-45.756,-40.259,-46.52
-30.618,-43.15,-48.029,-32.82
-33.545,-38.128,-45.531,-35
-42.017,-40.86,-36.652,-41.74
-50.44,-50.935,-40.469,-43.02
-35.26,-49.051,-46.368,-39.66
-26.313,-33.856,-52.683,-43.46
-26.514,-33.286,-40.952,-46.13
-35.101,-38.294,-39.53,-40.4
-45.297,-47.056,-45.295,-44.18
-47.126,-31.737,-55.744,-46.43
-45.342,-16.352,-53.383,-30.8
-46.843,-17.391,-43.941,-23.8
-53.497,-27.925,-47.183,-29.16
-60.246,-31.747,-54.056,-35.08
-56.954,-22.498,-59.926,-22.51
-52.119,-17.067,-44.764,-7.96
-57.83,-26.49,-43.685,-18.49
-61.478,-35.847,-52.182,-24.44
-61.795,-22.277,-59.16,-10.81
-59.115,-9.987,-47.187,-4.32
-62.611,-15.742,-46.536,-12.2
-69.237,-22.975,-54.08,-20.05
-68.083,-15.395,-61.046,-10.73
-59.19,-12.324,-60.917,-8.45
-54.108,-19.34,-58.374,-16.69
-57.356,-28.552,-60.559,-26.34
-61.576,-14.95,-66.502,-11.9
-55.859,-1.049,-64.155,3.16
-57.865,-5.228,-54.33,-2.65
-62.529,-12.835,-52.751,-11.62
-62.493,-5.206,-56.547,0.16
-57.697,3.615,-63.83,7.49
-60.268,-6.418,-61.14,-0.51
-64.206,-15.981,-54.356,-9.54
-63.33,-11.433,-54.981,-1.57
-61.588,3.281,-60.53,9.25
-62.708,-6.798,-65.103,-2.57
-65.545,-17.669,-52.852,-13.29
-67.19,-9.354,-51.136,-3.2
-66.427,5.168,-59.675,3.35
-66.628,-2.814,-64.066,-5.14
-68.201,-12.612,-55.287,-14.87
-70.751,-5.431,-50.282,-4.67
-69.553,-1.237,-53.036,0.26
-59.873,-10.71,-59.399,-8.77
-58.919,-12.472,-57.266,-18.57
-62.648,-3.859,-48.331,-5.01
-65.418,-7.156,-50.063,7.51
-61.968,-14.115,-59.277,-3.58
-52.926,-2.953,-62.168,-11.43
-53.469,11.029,-43.814,-3.08
-58.936,0.604,-38.648,8.74
-61.4,-11.77,-45.936,-1.93
-55.473,-5.382,-52.27,-13.27
-54.466,9.733,-41.209,-2.1
-57.212,2.883,-42.894,6.59
-61.925,-9.441,-52.108,-6.11
-62.414,-0.435,-56.26,-16.32
-54.968,12.356,-41.273,-2.39
-54.506,2.795,-31.656,6.9
-57.878,-7.135,-36.093,-0.63
-56.131,-0.394,-43.833,-8.57
-47.824,10.086,-46.211,1.64
-46.137,4.987,-35.32,11.73
-51.24,-5.394,-37.296,1.37
-54.154,2.16,-44.577,-3.98
-43.05,12.112,-50.959,2.93
-36.767,12.036,-41.337,13.39
-42.142,0.208,-28.508,3.77
-48.146,10.735,-31.935,0.46
-33.842,20.476,-39.303,11.34
-23.008,10.988,-42.344,20.2
-26.514,-3.395,-39.666,7.42
-31.293,4.808,-45.64,-2.08
-32.267,16.642,-47.64,6.46
-34.093,24.165,-37.549,18.93
-39.434,22.362,-37.419,29.92
-42.08,31.887,-45.979,21.18
-29.829,40.703,-49.596,20.59
-27.222,37.392,-36.134,27.9
-35.126,24.461,-26.664,35.04
-41.448,25.683,-29.892,31.93
-30.125,37.461,-39.236,39.62
-32.608,45.089,-37.158,44.77
-36.997,30.725,-21.229,43.91
-38.521,30.893,-24.663,39.15
-29.989,41.844,-35.304,43.79
-31.292,49.794,-34.19,49.54
-37.007,37.27,-23.422,46.27
-44.371,28.138,-26.205,43.93
-31.78,32.698,-38.337,49.55
-21.463,41.997,-44.494,53.66
-24.793,49.981,-30.674,52.77
-31.952,39.544,-13.684,55.96
-30.096,38.65,-18.048,63.11
-16.269,45.923,-29.211,69.05
-16.674,55.084,-30.07,60.31
-24.498,45.214,-19.919,43.47
-34.553,31.541,-20.702,42.72
-21.738,33.641,-30.7,49.84
-4.95,44.94,-30.029,55.81
-8.274,53.916,-16.12,56.8
-18.578,40.556,-20.33,52.16
-11.056,40.237,-27.569,55.56
-11.219,46.916,-18.006,62.29
-20.51,58.977,-15.655,65.44
-21.99,60.559,-27.451,61.81
-9.437,42.015,-33.708,65.61
-12.503,39.265,-18.541,69.09
-20.396,45.808,-5.686,71.46
-9.791,56.573,-12.947,69.48
4.745,57.397,-19.577,70.24
1.329,44.795,-8.51,73.01
-9.336,43.764,2.414,75.77
-7.196,49.207,-4.576,74.51
4.445,59.486,-13.283,71.27
-1.639,54.995,-1.726,74.72
-13.558,53.627,7.048,76.97
-8.419,59.3,-1.505,74.12
7.332,66.731,-12.305,73.41
-3.411,64.689,-1.144,76.79
-13.126,60.203,7.809,77.58
-5.913,61.775,0.436,72.53
4.502,67.001,-9.739,65.64
-2.238,65.283,0.854,67.03
-13.32,52.85,9.608,69.31
-5.889,51.563,4.695,67.95
4.389,58.255,-6.263,63.95
2.217,64.192,0.099,64.99
-6.331,58.894,11.799,68.97
2.333,42.095,1.136,67.46
12.604,41.694,-10.975,53.97
4.726,48.142,-3.766,52.23
-5.337,56.174,5.903,57.91
-1.106,56.719,-1.603,62.26
11.834,40.787,-11.925,58.32
1.337,40.388,-0.388,50.7
-9.617,47.19,11.408,51.62
-2.173,54.397,5.282,55.5
9.863,38.463,-5.863,52.51
-0.506,27.559,1.988,47.55
-8.645,29.632,11.12,49.02
-3.667,37.275,4.598,54.85
10.475,47.181,-1.546,53.46
8.885,34.439,7.238,41.47
-2.719,25.155,16.664,41.56
4.43,28.721,5.031,49.79
14.789,40.312,0.891,51.7
8.95,44.286,7.374,39.36
-1.135,34.277,16.544,27.76
2.666,31.531,6.554,31.16
14.287,44.152,0.973,41.71
5.338,51.414,7.731,48.88
-4.546,36.606,18.262,34.35
0.005,25.758,9.803,23.21
12.008,28.066,-3.444,28.01
12.484,39.377,4.214,37.25
11.696,44.081,15.685,42.11
17.443,32.022,22.081,32.5
31.014,31.207,22.222,33.96
40.282,39.985,33.509,44.54
29.546,48.588,38.063,49.85
30.323,38.2,28.075,34.78
37.216,29.117,29.827,27.28
46.224,32.647,36.31,29.53
43.073,42.679,43.152,39.91
33.312,42.932,31.682,45.12
37.431,28.299,33.169,30.67
45.089,29.413,42.43,31.38
51.757,39.909,42.305,41.68
36.584,49.191,28.827,43.26
33.684,34.127,32.007,32.18
39.221,23.671,43.423,34.6
48.6,25.906,48.622,40.69
51.211,37.58,37.019,30.9
55.196,36.927,38.259,24.18
63.607,24.326,47.746,29.18
63.418,26.678,54.007,32.52
47.085,35.731,41.313,23.93
39.549,32.483,41.582,26.68
44.938,18.162,46.533,35.39
52.321,21.285,57.25,34.3
56.915,32.567,56.518,22.46
58.412,31.626,45.391,26.04
60.625,21.014,44.284,35.44
66.132,25.077,52.141,32.37
70.042,33.61,58.654,18.73
66.499,35.114,58.854,21.4
63.083,24.056,54.777,31.13
66.295,26.602,58.923,28.79
70.054,32.17,64.018,14.71
69.08,20.09,65.951,19.01
68.861,0.256,61.535,23.84
74.783,8.107,63.662,10.01
75.917,16.392,66.538,2.72
64.644,5.087,71.194,10.15
55.953,-5.144,68.19,17.89
58.583,-0.966,65.441,7.08
65.676,12.007,67.791,-4.45
68.205,5.059,72.887,5.05
64.922,-7.717,71.256,12.95
66.129,-1.819,66.721,2.75
70.667,11.047,65.206,-7.02
73.307,2.945,67.998,1.15
57.285,-8.169,68.213,12.35
52.948,-0.581,49.533,1.55
57.679,12.751,45.307,-8.29
63.169,4.419,49.249,3.75
54.338,-8.109,54.526,11.97
45.707,-3.617,53.417,0.68
44.312,7.298,50.847,-8.32
50.276,1.842,54.504,0.14
58.655,-8.852,59.112,8.69
55.828,0.583,56.912,-4.05
38.75,14.568,52.06,-13.24
36.276,7.124,53.228,-2.74
44.76,-1.941,58.309,7.05
52.817,5.621,57.58,-2.47
49.854,16.922,54.594,-10.31
36.597,9.271,56.578,-0.16
33.536,-4.258,60.275,9.49
42.365,2.799,57.51,-3.51
46.976,14.208,50.152,-10.47
36.549,3.148,52.011,-1.55
32.605,-8.46,56.896,8.89
40.191,-0.085,54.303,-2.11
48.21,9.742,47.295,-12.23
39.774,1.88,47.972,-4.95
31.846,-9.628,53.577,5.04
34.902,-13.797,55.694,-1.16
45.29,-4.609,40.799,-8.79
53.938,-10.217,39.961,-2.7
43.325,-19.373,46.826,-4.53
31.159,-12.718,52.623,-12.44
32.52,-0.941,48.807,-16.17
46.004,-3.71,32.047,-8.2
51.26,-12.894,33.245,-17.06
38.002,-8.942,38.629,-28.62
27.105,-15.059,44.795,-33.01
30.775,-27.836,41.256,-35.88
41.01,-34.41,35.211,-42.08
45.45,-22.558,40.355,-48.21
31.195,-25.357,45.001,-39.63
28.277,-37.216,38.336,-42.26
36.627,-43.777,34.103,-49.7
46.186,-35.144,39.064,-50.2
35.17,-23.875,44.212,-47.73
26.131,-24.262,43.674,-51
28.115,-36.313,35.848,-57.78
37.924,-42.741,40.313,-53.54
48.42,-38.235,45.856,-37.93
39.403,-31,46.844,-32.95
23.052,-35.943,37.915,-40.5
25.721,-45.719,39.917,-46.73
37.322,-46.218,47.736,-36.86
44.985,-43.025,53.023,-37.7
31.264,-46.119,37.367,-48.21
23.842,-56.894,26.748,-55.76
27.038,-63.553,30.897,-52.45
35.528,-49.999,34.58,-45.64
24.954,-44.904,23.687,-49
19.012,-49.678,20.935,-56.11
22.911,-56.364,26.968,-59.11
33.616,-57.55,35.041,-59.81
33.218,-59.003,22.523,-59.41
23.164,-63.396,16.386,-64.07
22.695,-70.272,20.861,-69.61
33.078,-72.971,31.602,-63.82
41.812,-56.088,25.722,-49.49
28.926,-52.123,12.002,-44.85
21.579,-54.943,18.312,-48.11
26.52,-61.554,25.325,-56.38
32.239,-65.69,12.034,-61.04
20.437,-66.354,6.971,-55.98
6.071,-66.254,13.883,-56.7
8.626,-70.582,22.491,-62.98
17.437,-72.809,9.073,-68.87
9.428,-62.355,-2.667,-65.99
2.566,-58.833,3.002,-54.76
8.119,-61.301,12.086,-51.77
19.229,-70.319,0.309,-57.2
8.635,-72.447,-9.858,-61.76
-4,-57.374,-4.331,-62.91
-1.748,-52.888,5.485,-61.93
6.907,-54.391,8.791,-64.5
9.199,-62.9,2.302,-69.77
0.894,-63.74,10.4,-66.8
7.922,-50.657,12.496,-46.65
17.88,-44.651,1.938,-43.09
7.046,-50.136,-4.218,-49.96
-5.079,-56.083,4.906,-52.66
0.977,-57.009,6.687,-53.29
11.127,-52.932,-2.184,-58.48
1.008,-57.552,-8.492,-62.51
-11.816,-62.017,2.502,-60.35
-5.58,-60.182,9.504,-55.12
6.767,-58.717,2.326,-57.04
-1.942,-64.018,-8.722,-62
-12.146,-66.878,2.471,-61.6
-5.212,-61.682,13.372,-59.12
6.605,-62.981,5.068,-60.62
1.547,-66.266,-5.563,-65.44
-6.128,-67.19,0.417,-63.87
0.915,-66.469,9.341,-60.49
11.949,-68.837,-1.249,-63.76
4.788,-64.966,-13.133,-64.97
-10.14,-52.439,-4.093,-45.63
-0.495,-53.795,2.34,-45.71
3.531,-57.299,-8.751,-51.68
-5.015,-55.77,-18.964,-53.65
-14.067,-50.42,-9.252,-38.46
-6.042,-51.507,-1.138,-36.05
3.683,-56.528,-8.94,-42
-1.407,-56.548,-17.672,-46.52
-10.873,-39.963,-13.838,-44.33
-1.305,-39.194,-2.528,-35.21
1.1,-45.477,-10.981,-36.7
-9.135,-53.676,-20.406,-42.73
-18.283,-38.313,-16.348,-44.59
-24.205,-18.613,-12.615,-28.76
-15.361,-21.001,-20.927,-28.07
-16.446,-29.172,-31.981,-33.8
-23.794,-33.504,-40.355,-40.41
-35.892,-21.238,-29.371,-27.25
-26.636,-24.344,-31.934,-20.28
-26.354,-31.086,-39.693,-27.5
-32.466,-33.47,-47.027,-33.67
-40.959,-23.583,-34.728,-25.2
-36.117,-22.969,-36.268,-17.33
-34.156,-30.398,-42.938,-24.97
-37.157,-33.717,-50.448,-28.98
-47.408,-22.366,-41.975,-21.03
-51.809,-16.457,-39.85,-19.49
-38.454,-22.643,-46.106,-27.94
-36.903,-28.2,-55.479,-33.94
-42.049,-20.796,-59.137,-24.02
-49.982,-15.981,-59.798,-17.42
-58.497,-25.621,-62.598,-24.77
-47.827,-31.829,-68.192,-31.05
-38.315,-19.858,-73.63,-23.59
-39.319,-4.041,-70.644,-7.45
-48.313,-8.263,-55.226,-11.99
-58.391,-17.854,-53.206,-21.93
-58.964,-10.834,-60.094,-15.6
-44.445,-9.069,-65.551,-11.29
-42.077,-18.494,-65.869,-21.29
-45.173,-29.211,-60.65,-25.26
-54.273,-16.826,-61.739,-16.19
-60.612,-6.269,-69.03,-12.33
-48.219,-12.973,-72.386,-22.12
-44.467,-21.009,-69.333,-27.53
-49.777,-8.519,-65.118,-16.11
-56.186,4.724,-66.764,-1.06
-61.202,-2.382,-69.608,-8.36
-52.335,-10.721,-70.499,-16.28
-45.462,-3.738,-73.477,-8.65
-47.004,-1.535,-76.836,-3.18
-56.009,-13.671,-69.986,-15.06
-59.122,-25.026,-65.133,-21.5
-58.835,-13.437,-65.85,-10.14
-59.136,0.25,-71.396,4.58
-66.151,-5.996,-71.809,-4.31
-68.197,-14.894,-64.784,-13.63
-64.066,-10.619,-63.768,-5.79
-66.836,0.757,-67.738,0.75
-68.916,-8.604,-71.981,-9.91
-72.591,-16.141,-68.742,-17.9
-63.815,-6.642,-64.242,-7.92
-54.924,5.859,-64.125,6.31
-51.008,-2.253,-68.121,-2.58
-56.542,-11.891,-65.633,-11.43
-56.888,-2.818,-60.774,-2.33
-53.354,8.257,-61.729,9.63
-54.702,-1.64,-65.382,-1.51
-57.576,-12.426,-63.924,-12.34
-60.83,-4.691,-58.444,-1.53
-59.363,8.063,-59.223,7.09
-54.823,-1.595,-64.631,-2.51
-57.225,-13.524,-61.618,-13.92
-60.127,-5.624,-52.761,-1.7
-59.155,6.859,-51.025,6.94
-54.499,1.802,-53.464,-3.13
-56.205,-9.586,-63.417,-10.13
-61.299,-0.414,-59.078,-0.66
-58.629,11.67,-39.934,11.57
-51.582,5.621,-37.716,4.48
-51.48,-6.828,-44.82,-8.87
-54.38,2.837,-49.132,0.22
-49.647,12.959,-35.78,10.71
-34.619,1.68,-37.671,0.93
-30.627,-4.356,-44.667,-4.72
-37.039,3.861,-39.7,7.88
-43.572,16.656,-30.058,15.33
-31.034,5.691,-31.407,5.03
-24.919,-7.615,-39.139,-7.66
-29.828,1.119,-38.22,3.85
-37.537,11.75,-23.099,11.4
-29.251,5.175,-24.422,2.09
-21.488,-5.103,-34.581,-6.31
-23.502,4.845,-36.922,2.84
-30.862,18.05,-26.863,17.06
-37.999,33.156,-29.654,20.48
-28.359,25.475,-38.636,21.02
-19.51,10.009,-34.567,30.58
-24.113,17.004,-20.134,35.68
-32.04,28.232,-21.847,26.44
-31.945,39.981,-31.556,28.23
-18.481,28.318,-37.92,37.61
-24.375,20.811,-25.768,42.74
-31.999,25.437,-29.542,30.38
-34.77,38.037,-36.458,33.4
-21.741,42.203,-31.703,44.56
-23.453,29.364,-22.428,49.21
-31.076,29.863,-24.954,36.16
-32.308,40.204,-35.255,35.41
-21.043,50.336,-36.428,46.37
-23.22,42.675,-23.585,53.91
-31.057,43.538,-27.413,53.39
-31.732,52.801,-35.741,47.11
-20.327,60.53,-37.061,49.17
-22.721,48.042,-23.735,57.94
-30.018,48.093,-27.419,63.59
-22.021,53.993,-34.989,63.51
-16.71,61.89,-34.088,59.95
-21.207,59.35,-23.534,62.97
-28.995,52.249,-24.942,71.01
-17.372,54.891,-34.579,72.02
-14.505,61.882,-32.214,51.83
-21.052,66.134,-19.633,46.67
-28.892,58.344,-22.754,52.35
-15.699,59.852,-30.128,59.54
-10.969,66.605,-21.964,59
-18.573,70.71,-7.175,57.76
-25.336,52.228,-12.532,61.27
-16.489,47.732,-20.344,64.55
-6.115,52.639,-12.601,66.59
-9.863,61.944,-6.905,71.4
-20.54,60.357,-16.794,74.52
-11.971,41.602,-27.09,69.68
-1.757,38.355,-18.017,63.71
-5.915,42.938,-4.214,63.63
-16.233,57.22,-9.58,67.97
-7.186,61.681,-17.25,71.6
6.945,48.697,-8.091,68.84
2.489,44.213,2.481,66.19
-9.683,49.089,-5.469,69.63
-5.462,59.602,-13.204,72.01
-2.651,63.835,-4.204,73.11
-9.07,46.157,9.094,72.96
-18.948,42.253,0.535,72.48
-11.25,48.585,-8.578,77.28
2.899,57.752,2.969,73.98
-0.921,55.829,11.235,59.25
-12.517,47.784,4.548,54.04
-6.192,47.923,-8.513,57.42
8.613,56.687,0.202,61.62
-1.327,61.416,11.006,61.26
-11.825,47.223,-0.884,58.41
-3.23,40.134,-12.345,61.52
7.405,48.355,0.406,66.59
0.008,55.282,12.328,62.94
-12.776,47.034,4.308,58.36
-7.996,46.614,-8.462,60.08
8.968,55.412,1.425,64.79
9.806,60.279,10.664,60.64
3.564,47.196,5.697,55.67
10.177,44.789,1.909,56.72
19.571,51.806,10.845,61.37
8.896,55.093,19.861,60.41
1.837,41.968,8.747,42.74
4.95,39.234,6.432,40.52
16.8,45.015,14.05,45.29
15.107,53.512,23.418,53.81
4.573,42.598,10.885,56.16
9.708,39.183,4.816,40.05
19.26,45.19,12.661,40.19
7.559,53.52,22.282,45.52
-2.531,48.6,10.42,52.67
3.99,41.92,0.786,43.76
18.837,43.361,7.133,44.11
29.842,51.014,23.325,51.34
19.147,47.707,24,51.16
18.085,29.223,11.273,39.11
26.609,28.605,13.603,35.15
39.763,41.282,26.878,42.79
35.111,47.894,33.298,45.64
19.793,36.095,26.173,35.68
20.856,26.805,29.391,36.47
34.422,31.021,37.942,44.12
40.693,39.325,37.186,41.61
30.283,34.411,30.489,26.67
24.526,26.858,33.071,27.92
30.465,31.192,39.986,40.46
40.472,40.893,41.052,44.09
40.176,40.263,38.522,31.52
24.903,24.468,41.142,33.5
25.528,25.407,50.508,40.37
35.389,35.049,55.783,37.86
44.225,36.331,42.52,23.03
46.572,21.309,42.626,24.46
48.288,22.606,49.542,34.34
54.387,32.734,55.673,35.87
61.453,34.346,58.308,24.21
65.228,21.894,54.434,26.42
49.633,22.996,56.541,34.35
43.484,30.377,63.645,32.05
48.476,36.339,64.161,21.22
56.798,22.77,46.414,26.99
57.719,24.034,43.772,33.78
54.762,33.842,51.261,24.35
55.58,27.166,58.039,24.77
63.773,20.936,54.403,27.75
68.76,26.119,56.557,17.59
58.905,33.605,63.094,9.39
57.25,19.851,68.343,16.6
61.961,9.139,61.462,23.58
68.023,17.695,57.194,11.11
66.303,27.25,59.631,8.67
65.81,17.346,67.132,18.22
66.819,0.3,70.853,20.18
71.576,3.893,68.994,10.23
74.776,15.434,66.028,14.3
70.793,7.664,68.768,20
69.311,-5.176,72.146,14.26
71.701,-1.839,72.955,4.51
76.297,10.949,71.463,13.97
74.174,13.312,71.935,18.73
73.449,3.816,77.708,7.68
76.385,8.633,77.483,-5.49
77.577,18.93,65.864,4.4
72.565,8.709,55.943,10.36
71.961,-4.418,56.752,-4.05
74.573,4.509,61.855,-12.16
75.014,14.16,62.962,-4.74
71.558,6.604,60.704,7.92
68.633,-5.96,63.182,-0.64
71.095,-1.294,68.755,-11.38
73.328,10.126,64.89,-3.17
73.207,5.252,52.176,8.67
69.37,-6.448,52.17,-0.15
69.672,1.594,55.779,-8.27
72.515,13.876,62.467,-0.33
72.273,6.887,62.177,9.43
70.739,-3.364,53.054,1.37
68.661,1.308,52.228,-8.82
63.299,2.933,57.039,-1.35
59.665,-6.481,55.574,-2.14
60.439,-18.096,39.132,-11.33
64.211,-12.381,37.576,-21.67
47.277,1.309,46.89,-9.5
32.938,-4.857,49.331,1.38
33.373,-15.084,34.83,-5.72
41.983,-8.519,33.551,-14.94
45.988,4.556,41.495,-12.64
32.695,-3.735,45.185,-3.3
27.674,-14.383,29.594,-12.88
33.91,-10.151,24.024,-22.55
41.859,2.136,28.398,-12.61
35.238,-3.29,34.931,0.98
23.903,-15.739,29.305,-6.99
27.956,-18.61,24.555,-16.13
35.692,-10.646,28.773,-8.62
37.417,-12.496,37.358,-5.02
24.928,-25.75,32.78,-14.34
27.77,-33.945,20.669,-25.05
34.441,-29.03,20.818,-21.74
34.992,-19.425,30.883,-23.37
28.803,-25.856,40.886,-31.67
31.973,-33.903,28.54,-38.27
39.705,-36.5,22.726,-30.26
40.62,-36.275,25.336,-30.66
28.028,-40.877,37.18,-38.19
