x,y,theta
0,0,0
0,0,0
0,0,0
0,0,0
0,0,0
0,0,0
0,0,0
0,0,0
0,0,0
0,0,0
0,0,0
0,0,0
0,0,0
0,0,0
0,0,0
0,0,0
0,0,0
0,0,0
0,0,0
0,0,0
0,0,0
0,0,0
0,0,0
0,0,0
0,0,0
0,0,0
0,0,0
0,0,0
0.0049,0.0006,0
0.0447,-0.0015,0
0.1072,-0.0024,0.01
0.1797,-0.0092,0
0.1717,0.0067,-0.02
0.1281,0.019,0.02
0.134,0.0189,0.04
0.1913,0.0102,0.04
0.2319,0.0015,0.03
0.2062,0.0153,-0.01
0.1896,0.0246,-0.03
0.2206,0.0248,-0.03
0.2574,0.0297,-0.03
0.2525,0.0882,-0.03
0.2367,0.1178,-0.01
0.2463,0.105,0
0.2765,0.0945,0.02
0.2673,0.1251,0.02
0.2622,0.147,-0.01
0.2731,0.1353,-0.03
0.3052,0.1222,-0.02
0.3085,0.1512,0.02
0.2827,0.17,0
0.2858,0.1502,-0.02
0.3051,0.1265,-0.01
0.2995,0.1443,0.01
0.2896,0.1731,-0.02
0.3012,0.1603,-0.01
0.322,0.1344,0.03
0.305,0.1248,0.06
0.2587,0.1458,0.03
0.2224,0.1497,-0.01
0.2156,0.1328,0.02
0.2086,0.1323,0.08
0.1704,0.1513,0.02
0.151,0.1526,-0.07
0.1697,0.1251,-0.01
0.1793,0.1253,0.07
0.1471,0.1379,0
0.1315,0.1403,-0.07
0.1368,0.1092,-0.03
0.1393,0.1009,0.09
0.1091,0.1262,0.03
0.1031,0.1236,-0.08
0.1291,0.1038,-0.07
0.1382,0.0952,0.03
0.1194,0.1169,0.05
0.0484,0.123,0.02
-0.011,0.1072,-0.01
-0.011,0.0937,-0.02
0.015,0.1035,0.04
-0.0258,0.1052,0.01
-0.0822,0.0923,-0.03
-0.0625,0.0984,-0.08
-0.0346,0.1207,-0.05
-0.0902,0.1101,-0.02
-0.1375,0.0931,0.01
-0.0942,0.088,-0.02
-0.0583,0.1039,-0.06
-0.0865,0.0993,-0.06
-0.1278,0.0911,-0.06
-0.1149,0.1192,0
-0.0633,0.1271,0.05
-0.0811,0.1081,0.05
-0.1194,0.0963,0.04
-0.1294,0.1389,0.04
-0.118,0.1694,0.01
-0.1284,0.1474,-0.04
-0.1408,0.0931,0.01
-0.123,0.1228,0.04
-0.111,0.1618,0.05
-0.1329,0.143,-0.01
-0.1657,0.122,-0.03
-0.1484,0.1313,0.02
-0.117,0.1645,0.06
-0.1383,0.1488,0.04
-0.1743,0.1321,0
-0.1693,0.1589,0
-0.137,0.1817,0.05
-0.1496,0.162,0.05
-0.1812,0.1364,0.03
-0.1696,0.1659,-0.01
-0.144,0.1895,0.02
-0.1385,0.1492,0.08
-0.1495,0.1121,0.07
-0.1425,0.1184,0.03
-0.1264,0.153,0.01
-0.1576,0.1338,0.03
-0.1837,0.1055,0.02
-0.1643,0.126,-0.01
-0.1411,0.1591,-0.01
-0.1487,0.1437,0.03
-0.1769,0.1166,0.03
-0.1689,0.0997,-0.03
-0.1502,0.1235,-0.05
-0.1741,0.1089,-0.02
-0.1865,0.0776,0.06
-0.1653,0.075,0.04
-0.153,0.0497,-0.03
-0.1804,0.0324,-0.06
-0.1899,0.0105,0.02
-0.1657,0.016,0.08
-0.158,0.0052,0.01
-0.1835,-0.0055,-0.01
-0.1978,-0.0086,0.04
-0.1711,0.0011,0.05
-0.1513,-0.0036,-0.05
-0.1872,-0.011,-0.08
-0.2065,-0.0001,-0.03
-0.1717,-0.0063,0.06
-0.1417,-0.0206,0.04
-0.1611,-0.0302,0.01
-0.198,-0.0293,0.01
-0.1932,-0.009,0.07
-0.1518,-0.0118,0.08
-0.1606,-0.0096,0.06
-0.1949,-0.0145,0.04
-0.2162,-0.0343,0.03
-0.1889,-0.0525,0.05
-0.1778,-0.0309,0.07
-0.2067,-0.022,0.05
-0.2179,-0.0526,0
-0.1929,-0.0751,0
-0.1819,-0.0507,0.05
-0.1943,-0.0284,0.04
-0.2242,-0.0502,0.02
-0.2156,-0.0868,0.03
-0.1837,-0.0468,0.03
-0.1872,-0.0164,0
-0.1963,-0.0313,-0.03
-0.1943,-0.0605,-0.04
-0.1937,-0.0473,0
-0.2112,-0.0455,0.01
-0.1948,-0.0896,0.01
-0.1796,-0.136,0.05
-0.1702,-0.1144,0.1
-0.1857,-0.0896,0.09
-0.1941,-0.0963,-0.02
-0.1804,-0.1439,-0.04
-0.1707,-0.153,0.07
-0.1767,-0.1211,0.13
-0.1634,-0.1044,0.04
-0.1481,-0.1316,0
-0.1558,-0.1478,0.02
-0.1926,-0.1266,0.02
-0.1931,-0.1229,-0.04
-0.182,-0.1432,-0.02
-0.182,-0.1557,0.06
-0.2161,-0.142,0.1
-0.2167,-0.1347,0.04
-0.1683,-0.1463,-0.04
-0.1559,-0.1512,0
-0.1752,-0.136,0.02
-0.1821,-0.1381,-0.01
-0.1609,-0.167,-0.02
-0.1577,-0.1782,0.02
-0.1733,-0.1613,0.02
-0.168,-0.1416,0.01
-0.1425,-0.1585,0.01
-0.1423,-0.166,0.04
-0.1766,-0.1526,0.05
-0.1637,-0.1342,0.03
-0.1364,-0.1437,0.02
-0.1352,-0.1557,0.08
-0.1748,-0.1499,0.09
-0.1771,-0.1479,0.01
-0.1285,-0.1473,0.05
-0.1106,-0.1503,0.12
-0.1404,-0.1377,0.09
-0.1583,-0.14,0
-0.1281,-0.155,0.02
-0.1061,-0.1433,0.13
-0.1312,-0.1211,0.13
-0.1413,-0.1247,0.03
-0.1192,-0.1465,-0.02
-0.097,-0.1372,0.08
-0.1203,-0.1194,0.11
-0.1403,-0.1231,0.03
-0.1157,-0.1479,0.01
-0.0956,-0.1302,0.12
-0.1245,-0.1068,0.13
-0.1425,-0.1165,0.05
-0.1294,-0.1486,-0.02
-0.0942,-0.1328,0.08
-0.111,-0.1095,0.11
-0.1073,-0.1466,0.08
-0.0822,-0.183,0.04
-0.0337,-0.1809,0.07
-0.0385,-0.1487,0.1
-0.0754,-0.1353,0.04
-0.0627,-0.1614,-0.02
-0.0254,-0.1754,-0.07
-0.015,-0.171,0.01
-0.034,-0.1576,0.05
-0.0553,-0.1598,-0.02
-0.0491,-0.1759,-0.1
-0.0061,-0.1746,-0.1
0,-0.1609,0.03
-0.0257,-0.1615,0
-0.0424,-0.1787,-0.09
-0.0213,-0.1817,-0.14
0.004,-0.1579,-0.03
0.0207,-0.1874,0.02
0.0136,-0.212,-0.02
0.0079,-0.2069,-0.12
0.0197,-0.168,-0.1
0.0274,-0.1764,-0.06
0.0352,-0.213,-0.06
0.0395,-0.2478,-0.07
0.0451,-0.2013,-0.07
0.0626,-0.1797,-0.04
0.0671,-0.2094,-0.04
0.067,-0.2446,-0.04
0.0727,-0.2188,-0.03
0.0854,-0.1974,-0.03
0.0882,-0.212,-0.03
0.0844,-0.2536,-0.03
0.0847,-0.2586,-0.04
0.0888,-0.1995,-0.08
0.0803,-0.207,-0.1
0.0763,-0.2329,-0.1
0.1244,-0.2252,-0.08
0.1473,-0.2089,-0.04
0.1089,-0.1943,-0.07
0.088,-0.217,-0.08
0.1207,-0.2,-0.07
0.1599,-0.186,-0.06
0.1622,-0.1998,-0.07
0.1386,-0.2213,-0.09
0.1387,-0.2174,-0.05
0.1781,-0.202,0.01
0.1691,-0.2163,0.02
0.1501,-0.2458,-0.02
0.1633,-0.227,-0.04
0.1667,-0.181,0.03
0.1405,-0.2048,0.08
0.1297,-0.2336,0.06
0.1396,-0.192,-0.02
0.1488,-0.1399,-0.07
0.1197,-0.1237,-0.02
0.0953,-0.1477,0.01
0.1341,-0.1421,0.02
0.1721,-0.1243,0
0.1487,-0.1177,-0.06
0.1054,-0.134,-0.05
0.1348,-0.1254,-0.04
0.1891,-0.1168,-0.03
0.1635,-0.1235,-0.06
0.1052,-0.1186,-0.04
0.116,-0.096,-0.02
0.1581,-0.0951,0
0.1584,-0.1305,-0.01
0.1265,-0.1607,-0.02
0.1149,-0.1219,0
0.144,-0.1005,0.02
0.1422,-0.1467,0.02
0.1299,-0.1674,-0.02
0.1406,-0.1262,-0.04
0.169,-0.1044,-0.02
0.1665,-0.132,0
0.1518,-0.1759,-0.01
0.1513,-0.1339,-0.04
0.1704,-0.1049,-0.03
0.1613,-0.1409,-0.02
0.1485,-0.176,-0.02
0.1662,-0.1638,-0.03
0.1818,-0.1278,-0.05
0.1712,-0.1246,-0.04
0.1532,-0.1646,-0.03
0.181,-0.1579,-0.02
0.1871,-0.1092,-0.08
0.1497,-0.106,-0.1
0.144,-0.1158,-0.1
0.1726,-0.1144,-0.09
0.2061,-0.0825,-0.06
0.1816,-0.0449,-0.04
0.152,-0.0618,-0.03
0.1763,-0.0672,-0.02
0.2176,-0.0579,-0.01
0.1938,-0.0236,-0.02
0.1604,-0.0223,-0.09
0.1618,-0.0326,-0.1
0.2047,-0.0321,-0.08
0.229,-0.0162,-0.03
0.1982,-0.0071,-0.05
0.1541,-0.0302,-0.06
0.1779,-0.0398,-0.05
0.2114,-0.0294,-0.02
0.196,-0.0124,-0.03
0.1841,0.0159,-0.1
0.2017,0.0321,-0.09
0.2292,0.0332,-0.03
0.2174,0.0383,-0.02
0.2048,0.0518,-0.07
0.1951,0.0473,-0.06
0.2059,0.0534,-0.01
0.2112,0.0674,0.06
0.2,0.0668,-0.05
0.1985,0.0591,-0.11
0.215,0.0483,-0.07
0.2232,0.0705,0.02
0.2111,0.0945,-0.01
0.2056,0.0924,-0.06
0.221,0.0778,-0.06
0.2421,0.0815,0
0.2289,0.1028,0.05
0.1865,0.0822,-0.03
0.1858,0.0644,-0.05
0.1876,0.0722,0.01
0.2001,0.1014,0.06
0.2087,0.1256,0.02
0.1982,0.1182,-0.02
0.1731,0.1016,-0.03
0.1795,0.1006,-0.02
0.1862,0.1114,-0.09
0.1738,0.1033,-0.08
0.1696,0.1079,0
0.1564,0.1044,0.04
0.1673,0.1127,-0.03
0.179,0.1331,-0.09
0.1796,0.138,0
0.1773,0.1348,0.07
0.1865,0.1237,0.04
0.1951,0.1304,-0.05
0.2051,0.1396,0
0.1968,0.1354,0.12
0.1927,0.1352,0.02
0.1936,0.1424,-0.07
0.201,0.158,0.03
0.1799,0.148,0.16
0.1588,0.1314,0.07
0.1468,0.1285,-0.06
0.1502,0.1423,-0.02
0.156,0.1528,0.08
0.1574,0.1569,0.04
0.1528,0.1529,-0.06
0.1518,0.1517,-0.06
0.1589,0.1604,0.02
0.1602,0.1608,0.02
0.1561,0.1514,0
0.1368,0.1346,0.02
0.1421,0.142,0.07
0.155,0.154,0.02
0.1476,0.145,0
0.1403,0.1366,0.06
0.1397,0.1368,0.08
0.1474,0.1527,0
0.1453,0.1523,-0.05
0.1376,0.1427,0.04
0.1335,0.1396,0.08
0.1461,0.1504,0.01
0.1582,0.1601,-0.06
0.1434,0.1474,0.03
0.1297,0.1377,0.1
0.1375,0.152,0.05
0.1508,0.1655,-0.05
0.148,0.1503,-0.02
0.129,0.1365,0.08
0.1188,0.1467,0.06
0.1191,0.1806,0.01
0.08,0.1847,-0.05
0.0321,0.1569,0.05
0.0277,0.1318,0.09
0.0441,0.1351,0.05
0.0506,0.1662,0.02
0.0308,0.1759,-0.01
-0.0128,0.1654,0.01
-0.0127,0.1603,-0.01
0.0158,0.1756,-0.09
0.0249,0.1981,-0.07
0.0055,0.1689,0.02
0,0.1723,0.02
0.0136,0.1976,0
0.0105,0.2247,0.01
-0.0182,0.2164,-0.01
-0.0262,0.1783,-0.04
-0.0171,0.1667,-0.03
-0.0061,0.2089,-0.02
-0.0131,0.2389,-0.03
-0.0528,0.2136,-0.03
-0.0663,0.2039,-0.01
-0.068,0.2223,0.02
-0.0643,0.2608,0.01
-0.0717,0.2591,-0.04
-0.0863,0.2116,-0.02
-0.0936,0.2173,0.02
-0.0932,0.2429,0.01
-0.1023,0.2534,-0.04
-0.0894,0.2336,-0.01
-0.0828,0.2245,0.05
-0.0805,0.2484,0.06
-0.1022,0.2617,-0.03
-0.1031,0.2579,-0.07
-0.079,0.2183,0.02
-0.0651,0.2053,0.07
-0.0655,0.2179,0.07
-0.0859,0.227,0
-0.1056,0.1982,0.01
-0.0954,0.1827,0.05
-0.076,0.201,0.03
-0.1028,0.2126,-0.05
-0.1257,0.1963,-0.01
-0.1107,0.1617,0.06
-0.0801,0.1719,0.07
-0.101,0.184,-0.01
-0.141,0.1656,-0.04
-0.1038,0.1436,0
-0.0759,0.1552,-0.01
-0.0765,0.1755,-0.04
-0.1045,0.1785,-0.01
-0.1262,0.1824,0.04
-0.1017,0.1884,0.02
-0.0889,0.1789,-0.03
-0.1101,0.1689,-0.06
-0.1355,0.1857,-0.01
-0.1225,0.2045,-0.02
-0.0953,0.1729,-0.04
-0.1172,0.1417,-0.02
-0.1412,0.143,0.05
-0.1396,0.1687,0.05
-0.1313,0.1627,-0.05
-0.1562,0.1288,-0.03
-0.1704,0.1369,0.02
-0.1658,0.168,0.04
-0.1563,0.1678,0
-0.172,0.1429,0
-0.1843,0.1393,0.05
-0.1782,0.1785,0.05
-0.1651,0.1781,-0.02
-0.1738,0.146,-0.02
-0.1744,0.1476,0.06
-0.1626,0.184,0.05
-0.1533,0.186,-0.04
-0.1455,0.1397,-0.04
-0.1302,0.1104,0.05
-0.1186,0.1375,0.07
-0.1316,0.1437,0.01
-0.1528,0.1045,-0.09
-0.1589,0.0945,0
-0.1277,0.1136,0.07
-0.1207,0.1221,0.02
-0.156,0.1071,0
-0.1556,0.1057,0.04
-0.1365,0.1395,0.04
-0.1324,0.1527,0.01
-0.1703,0.1471,-0.01
-0.1732,0.1287,-0.02
-0.1573,0.0618,-0.01
-0.133,0.0351,-0.03
-0.1389,0.0453,-0.02
-0.1453,0.0643,0.01
-0.1621,0.0477,-0.01
-0.1658,0.0124,0.01
-0.1674,-0.0017,0.04
-0.1533,0.0338,0.04
-0.1583,0.04,0
-0.1667,-0.0014,-0.06
-0.1893,-0.0189,-0.05
-0.1761,0.0174,-0.02
-0.1811,0.0358,-0.06
-0.1891,0.0022,-0.09
-0.1936,-0.0267,-0.05
-0.1848,-0.01,0.02
-0.1647,0.0442,0.03
-0.1672,0.0304,-0.02
-0.1661,-0.0275,-0.01
-0.1804,-0.053,0.02
-0.1894,-0.0389,0.1
-0.1927,-0.0257,0
-0.192,-0.0616,-0.08
-0.2032,-0.0887,-0.02
-0.2068,-0.0783,0.05
-0.1934,-0.038,0.01
-0.1821,-0.0399,-0.07
-0.1887,-0.0689,-0.02
-0.2093,-0.0809,0.03
-0.2019,-0.061,0.05
-0.1972,-0.0623,0
-0.2072,-0.0709,0.02
-0.218,-0.0907,0.08
-0.2323,-0.0876,0.06
-0.2063,-0.0738,-0.03
-0.1965,-0.0856,-0.04
-0.1966,-0.1028,0.04
-0.2158,-0.1052,0.05
-0.2305,-0.1192,-0.03
-0.2155,-0.1334,-0.12
-0.1885,-0.1299,-0.04
-0.1834,-0.1015,0.01
-0.2096,-0.0909,0.02
-0.2156,-0.1132,-0.03
-0.1891,-0.1181,-0.05
-0.193,-0.0904,-0.01
-0.2153,-0.0729,0.02
-0.2074,-0.1109,0.02
-0.1903,-0.1489,-0.04
-0.1868,-0.1044,-0.08
-0.2031,-0.0799,-0.09
-0.1894,-0.1068,-0.09
-0.1646,-0.1571,-0.07
-0.1644,-0.1381,-0.02
-0.1832,-0.1107,0
-0.1662,-0.142,-0.02
-0.1399,-0.178,-0.03
-0.1556,-0.1672,0.01
-0.1633,-0.117,0.07
-0.1359,-0.1196,0.07
-0.1022,-0.1441,0.01
-0.1148,-0.1419,-0.01
-0.1513,-0.1195,0.02
-0.1069,-0.1364,0.1
-0.0833,-0.1641,0.1
-0.1,-0.1543,0.07
-0.14,-0.1373,0.04
-0.1382,-0.1531,0.06
-0.0976,-0.1675,0.12
-0.1222,-0.1338,0.1
-0.1485,-0.1083,0.04
-0.1421,-0.1381,0.02
-0.1122,-0.1614,0.05
-0.1143,-0.1354,0.08
-0.149,-0.1136,0.07
-0.1409,-0.1457,0.04
-0.1189,-0.1804,0.03
-0.1261,-0.1485,0.09
-0.1531,-0.1209,0.11
-0.1492,-0.1405,0.08
-0.1183,-0.1741,0.04
-0.1294,-0.1553,0.08
-0.1521,-0.1385,0.1
-0.1393,-0.1592,0.08
-0.1069,-0.1929,0.03
-0.1238,-0.1758,0.01
-0.1464,-0.1292,0.05
-0.1259,-0.152,0.06
-0.0914,-0.1818,-0.02
-0.0632,-0.1987,-0.08
-0.0615,-0.1601,-0.02
-0.0662,-0.141,0.09
-0.0537,-0.1568,0.12
-0.0283,-0.1824,0.03
-0.0263,-0.1864,-0.08
-0.0423,-0.1569,-0.01
-0.045,-0.1565,0.07
-0.0191,-0.1685,0.02
0.0018,-0.1854,-0.05
-0.0078,-0.1725,-0.09
-0.0174,-0.1491,-0.03
-0.0139,-0.1696,0
0.0109,-0.1942,-0.07
0.0051,-0.1939,-0.09
0.0183,-0.1873,-0.02
0.0424,-0.1995,0.03
0.0809,-0.2169,0
0.0889,-0.221,-0.07
0.052,-0.1927,-0.07
0.0422,-0.1896,0.03
0.0641,-0.2051,0.06
0.0895,-0.2092,-0.01
0.0631,-0.1892,-0.08
0.0503,-0.1894,-0.09
0.0646,-0.1976,-0.02
0.0935,-0.2188,-0.06
0.1015,-0.2145,-0.09
0.0581,-0.1655,-0.06
0.0539,-0.1546,0.01
0.0547,-0.1759,0.03
0.0727,-0.2022,-0.03
0.0963,-0.2166,-0.07
0.0758,-0.185,-0.02
0.0518,-0.1623,0.04
0.0695,-0.1678,-0.01
0.0934,-0.1828,-0.09
0.1108,-0.1858,-0.05
0.1151,-0.1761,0.01
0.115,-0.1712,-0.01
0.1297,-0.1847,-0.05
0.1321,-0.2053,-0.04
0.1318,-0.2042,-0.02
0.1265,-0.1718,-0.06
0.1202,-0.1703,-0.12
0.1111,-0.2007,-0.09
0.1316,-0.2161,-0.04
0.1397,-0.174,-0.06
0.1194,-0.1366,-0.13
0.0907,-0.1471,-0.14
0.0953,-0.1718,-0.08
0.143,-0.1672,-0.07
0.1515,-0.1609,-0.12
0.1078,-0.1563,-0.15
0.0914,-0.1541,-0.1
0.1177,-0.1483,-0.09
0.1504,-0.1594,-0.11
0.1437,-0.1858,-0.08
0.1244,-0.1663,-0.05
0.1492,-0.1426,-0.05
0.1638,-0.1545,-0.11
0.1518,-0.1896,-0.09
0.1329,-0.1761,-0.04
0.1424,-0.1415,-0.06
0.1583,-0.1377,-0.13
0.154,-0.1754,-0.11
0.1409,-0.1513,0.06
0.1411,-0.1074,0.04
0.1453,-0.1026,-0.04
0.1389,-0.1355,-0.06
0.1501,-0.149,0.01
0.1665,-0.1077,0.03
0.1513,-0.0963,-0.11
0.1261,-0.1273,-0.13
0.1277,-0.145,-0.02
0.1393,-0.1194,0.07
0.1376,-0.1085,0.02
0.122,-0.1076,-0.1
0.1244,-0.1191,-0.06
0.1442,-0.1199,-0.01
0.1554,-0.1137,-0.03
0.1395,-0.0999,-0.12
0.1468,-0.1118,-0.07
0.1581,-0.1245,0.02
0.1566,-0.1242,0.03
0.1312,-0.1032,-0.08
0.1227,-0.099,-0.07
0.1352,-0.1018,0.03
0.1528,-0.0754,0.09
0.1516,-0.0623,0.04
0.1406,-0.046,0
0.1451,-0.0431,0
0.1852,-0.0336,0.03
0.1936,-0.018,0.06
0.1669,-0.0204,-0.03
0.1515,-0.0283,-0.05
0.1819,-0.0276,-0.04
0.2094,-0.011,0.01
0.1879,-0.004,0.02
0.1636,-0.0011,0.02
0.1552,0.0005,0.03
0.1914,-0.0143,0
0.1998,-0.03,-0.05
0.186,-0.0202,-0.03
0.1644,-0.0129,-0.03
0.1755,-0.009,-0.01
0.215,0.0042,0.02
0.2254,0.0192,0.03
0.1992,0.0099,-0.09
0.1961,-0.0009,-0.11
0.2141,0.0113,-0.05
0.2281,0.0383,0.04
0.2241,0.0688,-0.02
0.2228,0.0645,-0.08
0.2345,0.0575,-0.03
0.2437,0.0757,0.04
0.2473,0.0862,0.01
0.2441,0.0875,-0.07
0.2565,0.075,-0.07
0.2567,0.0775,0.02
0.2468,0.1006,0.11
0.2369,0.1213,0.01
0.2404,0.1236,-0.07
0.2385,0.1313,0.01
0.2305,0.1397,0.09
0.2199,0.1483,0.04
0.2233,0.1437,-0.05
0.2308,0.1565,0.03
0.2242,0.1634,0.12
0.2149,0.1632,0.06
0.205,0.1617,-0.02
0.2,0.1686,0.01
0.2049,0.1805,0.07
0.2237,0.179,0.06
0.2258,0.1687,0.03
0.2075,0.1532,0.11
0.2074,0.1485,0.14
0.2119,0.1571,0.04
0.2007,0.1513,-0.03
0.1731,0.1227,0.06
0.1602,0.1249,0.13
0.1677,0.139,0.06
0.1698,0.1454,-0.04
0.1492,0.1254,-0.05
0.1287,0.1184,0.02
0.1353,0.1225,-0.02
0.1509,0.1366,-0.07
0.1497,0.1331,-0.02
0.1326,0.119,0.04
0.1244,0.1153,0
0.1339,0.1227,-0.08
0.1434,0.1368,-0.02
0.141,0.1361,0.05
0.1355,0.135,-0.08
0.1451,0.1446,-0.13
0.1492,0.1472,-0.02
0.1411,0.1349,0.05
0.1359,0.1334,-0.03
0.1511,0.1473,-0.1
0.1565,0.1552,0
0.1344,0.1335,0.14
0.1122,0.1047,0.04
0.1097,0.1058,-0.05
0.114,0.1294,-0.03
0.1246,0.1574,0.03
0.1121,0.1399,0.02
0.0826,0.0976,-0.04
0.0834,0.0981,0.02
0.0968,0.1221,0.06
0.1148,0.1407,0
0.1185,0.1392,-0.09
0.0969,0.115,-0.01
0.0916,0.123,0.12
0.0875,0.1593,0.11
0.0789,0.1638,-0.01
0.0474,0.1633,-0.04
0.0312,0.161,0.05
0.04,0.179,0.11
0.0533,0.1867,0.01
0.028,0.189,-0.04
0.014,0.1986,0.01
0.0298,0.2074,0.07
0.0521,0.2005,0
0.045,0.2019,-0.06
0.0112,0.2051,0.03
0.0169,0.207,0.1
0.0525,0.1923,0.06
0.064,0.1848,-0.03
0.0537,0.1951,-0.03
0.0146,0.2173,0.05
0.0057,0.2215,0.09
0.0232,0.1845,0
0.039,0.1785,-0.04
0.021,0.185,-0.01
-0.002,0.2052,0.02
-0.033,0.2133,-0.02
-0.0492,0.2159,-0.06
-0.0476,0.1982,-0.07
-0.0407,0.2196,-0.07
-0.0427,0.2383,-0.09
-0.0533,0.2171,-0.06
-0.0696,0.2117,0
-0.0644,0.2242,0
-0.0476,0.2466,-0.04
-0.0715,0.2439,-0.08
-0.1092,0.2268,-0.02
-0.0984,0.226,0.02
-0.0701,0.2274,-0.01
-0.0959,0.2092,-0.04
-0.1474,0.1879,-0.08
-0.1414,0.2147,-0.07
-0.1107,0.2183,0.01
-0.1216,0.1842,0.01
-0.1511,0.1579,0
-0.1552,0.1785,0.01
-0.1473,0.2209,0.01
-0.1624,0.2116,-0.02
-0.1721,0.1674,0.01
-0.156,0.1897,0.02
-0.1386,0.2197,0.03
-0.1674,0.21,0.02
-0.1961,0.1775,-0.02
-0.1862,0.1886,-0.01
-0.1631,0.2158,0.02
-0.1561,0.23,0.03
-0.1724,0.195,-0.01
-0.1879,0.1727,-0.06
-0.1595,0.191,-0.03
-0.1287,0.213,0.01
-0.1483,0.1934,0.01
-0.1789,0.1598,-0.01
-0.1781,0.1808,-0.01
-0.1574,0.2082,0.04
-0.1653,0.156,0.07
-0.1768,0.1208,0.05
-0.1701,0.1339,0.03
-0.1598,0.1724,0.02
-0.1834,0.1618,0.02
-0.2063,0.1338,0.01
-0.1774,0.1471,0
-0.1524,0.1852,0
-0.1785,0.1818,0.02
-0.1989,0.1491,0.03
-0.1843,0.1575,0.01
-0.1578,0.1798,0
-0.1795,0.1686,0
-0.1906,0.125,0.01
-0.1392,0.1348,0.04
-0.1192,0.1661,0.06
-0.1544,0.1566,0.04
-0.1643,0.1225,-0.03
-0.1304,0.1071,-0.01
-0.0922,0.1279,0.03
-0.1281,0.1286,0.02
-0.1566,0.0997,0.01
-0.1064,0.0824,0
-0.0687,0.0977,0.01
-0.0876,0.0977,0.01
-0.1403,0.0941,0.01
-0.1381,0.1126,-0.01
-0.1124,0.0721,0.01
-0.1246,0.0313,0.05
-0.1545,0.025,0.02
-0.1585,0.0351,-0.02
-0.1457,0.0385,-0.01
-0.1481,0.02,0.05
-0.1669,0.0143,0.03
-0.1855,0.0213,-0.05
-0.1656,0.0191,-0.02
-0.1584,-0.0052,0.06
-0.175,-0.002,0.05
-0.1816,0.018,-0.04
-0.1604,0.0286,-0.06
-0.1466,0.0132,0.01
-0.16,-0.0154,0.07
-0.193,-0.0133,0.04
-0.1695,0.0003,-0.07
-0.1539,0.0059,-0.07
-0.1552,-0.0149,0
-0.1837,-0.026,0.03
-0.2078,-0.0221,-0.03
-0.1979,-0.0333,-0.12
-0.1852,-0.0396,0.01
-0.208,-0.0388,0.05
-0.2259,-0.0382,0.01
-0.2263,-0.0499,-0.09
-0.201,-0.0522,-0.01
-0.2043,-0.0529,0.11
-0.2191,-0.0547,0.06
-0.2093,-0.0553,-0.07
-0.2137,-0.0547,-0.07
-0.1985,-0.0434,0.05
-0.2034,-0.0432,0.07
-0.2116,-0.0585,0.02
-0.2275,-0.0619,-0.04
-0.2228,-0.0722,0
-0.2098,-0.1067,0.05
-0.2122,-0.1278,0
-0.2356,-0.1174,0
-0.2191,-0.0908,0.1
-0.1837,-0.1006,0.11
-0.1699,-0.1282,0.01
-0.2063,-0.1276,0.02
-0.2195,-0.142,0.05
-0.1682,-0.1392,0.05
-0.1503,-0.1305,-0.03
-0.1711,-0.11,-0.05
-0.208,-0.1087,-0.02
-0.1959,-0.1435,-0.01
-0.1978,-0.1489,-0.05
-0.2204,-0.1303,-0.1
-0.2363,-0.1193,-0.06
-0.1885,-0.1297,0.01
-0.1585,-0.1516,0.02
-0.1642,-0.1421,-0.01
-0.2001,-0.1323,-0.03
-0.1807,-0.1652,-0.01
-0.1372,-0.1816,0
-0.1488,-0.1646,-0.02
-0.1776,-0.1451,-0.04
-0.1744,-0.1724,-0.02
-0.1425,-0.1986,-0.01
-0.1467,-0.1624,-0.08
-0.1796,-0.1296,-0.1
-0.1587,-0.1451,-0.07
-0.1326,-0.1739,-0.01
-0.1379,-0.1616,0.01
-0.1683,-0.1413,-0.01
-0.174,-0.1534,-0.05
-0.1578,-0.1845,-0.04
-0.1579,-0.1542,-0.01
-0.1553,-0.1198,-0.04
-0.1358,-0.1441,-0.07
-0.1036,-0.1672,-0.05
-0.1167,-0.1463,0.01
-0.1508,-0.1216,0.02
-0.1234,-0.135,-0.07
-0.0794,-0.1497,-0.11
-0.0835,-0.1031,-0.06
-0.1153,-0.0805,-0.03
-0.1202,-0.1089,-0.02
-0.094,-0.1518,-0.08
-0.1013,-0.1157,-0.07
-0.1139,-0.0688,0.01
-0.1064,-0.0943,0.05
-0.0881,-0.1284,0.01
-0.0899,-0.1173,-0.04
-0.0624,-0.1185,-0.01
-0.0159,-0.143,0.03
-0.0063,-0.1775,0.05
-0.0415,-0.1667,0
-0.0425,-0.1414,-0.07
-0.0133,-0.1476,-0.03
0.0086,-0.1794,0
-0.0066,-0.1913,0
-0.0359,-0.1608,-0.04
-0.0206,-0.1471,0.02
0.0108,-0.1708,0.06
0.0112,-0.192,0.03
-0.0136,-0.1638,-0.04
-0.0342,-0.1574,-0.03
-0.0194,-0.1668,0.04
0.0025,-0.1993,0.05
-0.0008,-0.2036,-0.03
-0.0236,-0.1552,-0.13
-0.0065,-0.1459,-0.05
0.0193,-0.1698,0.01
0.0377,-0.2045,0.02
0.0473,-0.2091,-0.04
0.023,-0.1848,-0.08
0.0264,-0.1705,-0.03
0.051,-0.1877,0.03
0.0607,-0.2168,0.03
0.0481,-0.1994,-0.1
0.0281,-0.1866,-0.06
0.0376,-0.1907,0.02
0.0472,-0.2134,0.03
0.0584,-0.2244,-0.11
0.0403,-0.2253,-0.13
0.031,-0.1979,0.04
0.0397,-0.2059,0.13
0.0552,-0.222,0.09
0.0577,-0.2089,-0.05
0.0664,-0.194,-0.03
0.08,-0.1859,0.05
0.0988,-0.2038,0.04
0.1123,-0.208,-0.05
0.1052,-0.2068,-0.05
0.1114,-0.201,0.04
0.127,-0.2097,0.01
0.132,-0.2144,-0.04
0.1228,-0.1954,-0.03
0.1038,-0.2043,-0.02
0.1136,-0.2135,-0.07
0.1383,-0.2183,-0.12
0.1477,-0.2071,-0.07
0.121,-0.1993,-0.03
0.1246,-0.2089,-0.08
0.1391,-0.2241,-0.04
0.1487,-0.2209,0
0.1198,-0.1831,-0.06
0.1083,-0.1604,-0.11
0.1238,-0.1656,-0.05
0.1411,-0.1737,0.04
0.1475,-0.1638,-0.03
0.1396,-0.1464,-0.11
0.142,-0.1499,-0.03
0.1572,-0.1673,0.02
0.1705,-0.1764,-0.02
0.1447,-0.1559,-0.07
0.119,-0.1294,0.02
0.1162,-0.1263,0.08
0.1369,-0.1414,0
0.1551,-0.1573,-0.05
0.1402,-0.1395,-0.02
0.1307,-0.1271,0.04
0.1353,-0.1338,-0.01
0.1474,-0.1487,-0.07
0.1584,-0.139,-0.04
0.1283,-0.0995,0.03
0.1247,-0.102,-0.04
0.1433,-0.122,-0.09
0.1576,-0.1393,-0.02
0.1336,-0.1073,0.04
0.1018,-0.0895,-0.01
0.1071,-0.0918,-0.09
0.134,-0.098,-0.09
0.152,-0.1041,0
0.1213,-0.0867,-0.05
0.1117,-0.0755,-0.14
0.1417,-0.0661,-0.14
0.1637,-0.08,-0.05
0.1484,-0.1109,0
0.1278,-0.113,-0.12
0.154,-0.0992,-0.15
0.1726,-0.0976,-0.03
0.1704,-0.0813,0.06
0.157,-0.0566,-0.03
0.1711,-0.0339,-0.12
0.1948,-0.0293,-0.09
0.1871,-0.0334,0.03
0.1795,-0.0345,0.08
0.1841,-0.0143,0.02
0.1949,0.0107,-0.07
0.1941,-0.007,-0.04
0.1729,-0.0212,0.06
0.1838,-0.008,0.1
0.1943,0.016,0.03
0.1998,0.0062,-0.01
0.1954,-0.0273,-0.02
0.2067,-0.0348,0.02
0.2123,0.0035,0.04
0.2207,0.0223,0.02
0.2243,-0.0044,0.05
0.2408,-0.0001,0.09
0.2237,0.0415,0.07
0.222,0.0621,0.01
0.2336,0.048,-0.04
0.2408,0.0335,0.03
0.2354,0.0529,0.11
0.2267,0.0813,0
0.2325,0.0642,-0.04
0.237,0.0373,0.04
0.2368,0.041,0.12
0.2251,0.0811,0.1
0.2132,0.0951,0
0.2239,0.0871,-0.09
0.2262,0.0482,-0.01
0.2162,0.0381,0.14
0.207,0.0516,0.1
0.209,0.0592,-0.01
0.2101,0.0772,0.03
0.217,0.086,0.1
0.2089,0.0911,0.05
0.1998,0.1042,-0.06
0.191,0.1149,-0.02
0.1977,0.14,0.05
0.1892,0.1297,0.05
0.153,0.1025,-0.05
0.1453,0.0966,-0.05
0.1528,0.1092,0.03
0.1696,0.1351,-0.02
0.1762,0.1379,-0.08
0.1562,0.1122,-0.02
0.1472,0.1045,0.05
0.1589,0.1151,0.01
0.1748,0.1292,-0.06
0.1883,0.129,-0.06
0.1715,0.1035,0.03
0.1833,0.095,0.02
0.1938,0.1079,-0.05
0.1798,0.118,-0.05
0.1613,0.1164,0.05
0.1574,0.1292,0.02
0.1639,0.1406,-0.08
0.1616,0.1409,-0.07
0.1499,0.1346,0.04
0.1365,0.1274,0.04
0.139,0.1301,-0.01
0.1304,0.1209,-0.02
0.1314,0.1257,0.02
0.1359,0.1352,-0.03
0.1429,0.1418,-0.08
0.1459,0.1526,-0.03
0.1508,0.1656,0.01
0.1538,0.1699,-0.06
0.1342,0.1575,-0.05
0.1276,0.1525,0.05
0.1297,0.1559,0.1
0.1517,0.1692,0.01
0.1605,0.1735,-0.09
0.1338,0.1419,-0.02
0.1293,0.1367,0.07
0.1369,0.1443,0.02
0.1491,0.1614,-0.06
0.1585,0.1679,-0.05
0.1371,0.1398,0.07
0.121,0.1264,0.07
0.1257,0.1295,0.01
0.1295,0.1404,0.05
0.1311,0.1488,0.08
0.1323,0.1537,0.06
0.1364,0.156,0.01
0.1365,0.1516,0.03
0.1188,0.1544,0.06
0.0694,0.1636,0.14
0.0643,0.1654,0.1
0.0595,0.1634,-0.02
0.0463,0.1465,-0.06
0.0248,0.1564,-0.01
-0.0017,0.1639,0.03
0.007,0.1776,0
0.0115,0.1708,-0.03
0.0102,0.1798,-0.03
-0.0089,0.1812,0.04
-0.0259,0.1604,0.04
-0.0326,0.1533,0.02
-0.0238,0.1705,0.04
-0.0161,0.2058,0.04
-0.0157,0.1963,0.02
-0.0419,0.1728,-0.04
-0.068,0.1765,-0.06
-0.0601,0.2058,-0.03
-0.0563,0.2246,-0.02
-0.0775,0.1888,-0.08
-0.0874,0.1898,-0.12
-0.0656,0.2025,-0.07
-0.0586,0.219,0
-0.0904,0.2136,0.04
-0.0974,0.1907,-0.11
-0.0767,0.2085,-0.14
-0.0527,0.208,0
-0.0623,0.1865,0.08
-0.0837,0.1892,0.05
-0.0657,0.1956,-0.03
-0.0486,0.2269,-0.06
-0.0734,0.2138,0.02
-0.0875,0.1752,0.08
-0.0843,0.1843,0.09
-0.0616,0.2015,0.06
-0.0746,0.2086,0.03
-0.1264,0.1926,0.03
-0.1221,0.2067,0.04
-0.0861,0.2022,0.04
-0.1128,0.1773,0.03
-0.1409,0.1757,0.01
-0.1414,0.2061,-0.02
-0.0998,0.2123,-0.06
-0.1135,0.173,-0.01
-0.134,0.1643,0.04
-0.1328,0.1881,0.04
-0.1183,0.2241,0.02
-0.129,0.2101,-0.02
-0.1575,0.1805,-0.03
-0.1608,0.2009,-0.02
-0.1472,0.2347,-0.06
-0.1431,0.1861,-0.15
-0.1395,0.1379,-0.1
-0.1253,0.1471,-0.06
-0.1128,0.177,-0.04
-0.1326,0.1638,-0.04
-0.1669,0.1338,-0.06
-0.1497,0.1661,-0.02
-0.1271,0.1966,0
-0.1446,0.1859,-0.01
-0.1593,0.1441,-0.1
-0.1367,0.159,-0.11
-0.1106,0.1864,-0.06
-0.1386,0.172,-0.03
-0.1812,0.1453,-0.05
-0.1446,0.1561,-0.07
-0.1194,0.1765,-0.05
-0.1415,0.1622,-0.04
-0.1739,0.1392,-0.05
-0.15,0.1364,-0.06
-0.117,0.1473,0
-0.1408,0.131,0.02
-0.1716,0.1024,-0.01
-0.1402,0.1169,-0.05
-0.0996,0.1302,0.03
-0.1188,0.1147,0.04
-0.148,0.0989,0.02
-0.1396,0.1166,-0.01
-0.1274,0.1316,0.03
-0.1316,0.0985,0.09
-0.1633,0.0804,0.09
-0.1397,0.0952,0.02
-0.1063,0.1158,-0.06
-0.1006,0.0842,-0.01
-0.1244,0.0499,0.06
-0.1546,0.0283,0.04
-0.1386,0.0409,-0.03
-0.1313,0.0507,0.04
-0.1382,0.0293,0.12
-0.1694,0.0156,0.12
-0.1694,0.014,-0.04
-0.1518,0.0264,-0.06
-0.1368,0.0117,0.04
-0.1473,-0.0045,0.09
-0.1613,-0.0043,0.03
-0.171,-0.001,-0.03
-0.1769,0.0131,0.04
-0.1825,-0.0043,0.12
-0.1779,-0.0227,-0.02
-0.1666,-0.0125,-0.13
-0.166,0.0075,-0.07
-0.1698,-0.0084,0.01
-0.1887,-0.0362,0.06
-0.1975,-0.0622,0
-0.2006,-0.0651,-0.09
-0.1981,-0.0406,-0.02
-0.1973,-0.0485,0.08
-0.2027,-0.0718,0.01
-0.2266,-0.0742,-0.02
-0.2419,-0.0688,-0.01
-0.2536,-0.0712,0.02
-0.2484,-0.0795,-0.02
-0.257,-0.0925,-0.08
-0.264,-0.0922,-0.07
-0.2553,-0.0909,0.02
-0.2584,-0.086,0.04
-0.2564,-0.0978,-0.05
-0.2658,-0.1066,-0.05
-0.2559,-0.11,0.01
-0.2274,-0.117,0.02
-0.2095,-0.1314,-0.03
-0.2241,-0.1208,-0.05
-0.229,-0.1306,0
-0.213,-0.1424,-0.01
-0.1881,-0.1416,-0.03
-0.199,-0.1279,-0.03
-0.2059,-0.1261,0.01
-0.1839,-0.13,0
-0.162,-0.114,0
-0.1792,-0.0977,0.01
-0.1905,-0.1037,0.05
-0.1809,-0.1266,0.01
-0.1834,-0.1262,-0.02
-0.1878,-0.0869,0.08
-0.1772,-0.0837,0.13
-0.1533,-0.1168,0.07
-0.1505,-0.136,-0.01
-0.168,-0.1232,-0.03
-0.1608,-0.1062,0.12
-0.1341,-0.1262,0.12
-0.1217,-0.1317,0
-0.1527,-0.1179,-0.01
-0.1639,-0.1237,0.06
-0.1365,-0.1393,0.06
-0.1078,-0.1335,-0.05
-0.1297,-0.1158,-0.09
-0.1485,-0.1144,-0.01
-0.1296,-0.1307,0.01
-0.1262,-0.1399,-0.08
-0.1536,-0.1222,-0.1
-0.164,-0.1228,-0.03
-0.1361,-0.1504,0.02
-0.1345,-0.1608,-0.05
-0.1563,-0.1418,-0.08
-0.1672,-0.1476,-0.02
-0.1314,-0.1566,0.06
-0.1158,-0.1546,0.05
-0.1231,-0.1151,0
-0.1293,-0.108,0
-0.1118,-0.1363,-0.01
-0.0954,-0.1359,-0.01
-0.116,-0.1169,0
-0.129,-0.1198,0.04
-0.1219,-0.1486,0.02
-0.1269,-0.1666,-0.02
-0.1532,-0.1406,-0.01
-0.1482,-0.1241,0
-0.1228,-0.1454,-0.03
-0.1233,-0.1598,-0.08
-0.1416,-0.1371,-0.05
-0.1517,-0.1343,0.01
-0.1277,-0.1523,-0.01
-0.0981,-0.1817,-0.04
-0.076,-0.1805,-0.04
-0.0832,-0.1826,0.03
-0.0705,-0.1842,0
-0.0531,-0.1845,-0.06
-0.0377,-0.1722,-0.07
-0.0141,-0.1742,-0.03
-0.0217,-0.1864,0.06
-0.0269,-0.1969,0.08
-0.0311,-0.1831,-0.04
-0.0249,-0.1786,-0.09
-0.0035,-0.1713,0.02
-0.0097,-0.1798,0.09
-0.0124,-0.1904,0.01
-0.0189,-0.1932,-0.09
-0.0089,-0.1927,-0.06
-0.0098,-0.1871,0.1
-0.0057,-0.2051,0.07
-0.0008,-0.1926,-0.06
0.0214,-0.1973,-0.1
0.0488,-0.201,-0.03
0.0364,-0.2082,0.07
0.0319,-0.2162,0.05
0.0344,-0.2072,-0.06
0.0645,-0.1993,-0.05
0.069,-0.2179,0.02
0.0451,-0.22,0.05
0.034,-0.2007,-0.05
0.0476,-0.1913,-0.03
0.0678,-0.2113,0.02
0.0778,-0.2353,0.03
0.0826,-0.2237,-0.04
0.0797,-0.1923,-0.09
0.0789,-0.199,-0.08
0.0746,-0.2352,-0.07
0.0887,-0.2432,-0.12
0.1117,-0.1988,-0.11
0.133,-0.1825,-0.06
0.1276,-0.2067,-0.04
0.1239,-0.228,-0.04
0.1421,-0.2158,-0.04
0.1472,-0.214,-0.02
0.1406,-0.2364,-0.02
0.145,-0.2482,-0.06
0.1654,-0.2182,-0.05
0.1644,-0.2135,-0.01
0.1565,-0.2456,-0.02
0.1683,-0.2508,-0.06
0.178,-0.2099,-0.03
0.1662,-0.1806,-0.01
0.1442,-0.1976,-0.04
0.154,-0.2077,-0.07
0.1742,-0.164,-0.02
0.161,-0.1365,0
0.1359,-0.1561,-0.02
0.1426,-0.1719,-0.09
0.1692,-0.1504,-0.03
0.1595,-0.1323,0.06
0.1224,-0.1351,0
0.1131,-0.1423,-0.08
0.1502,-0.1361,-0.09
0.1588,-0.1383,0.01
0.139,-0.1534,0.07
0.1133,-0.1458,-0.04
0.1356,-0.1277,-0.09
0.157,-0.1435,0.01
0.1318,-0.16,0.07
0.1067,-0.1479,0.01
0.1135,-0.1119,-0.02
0.1322,-0.1177,0.01
0.1315,-0.1488,0.04
0.1154,-0.1285,0.02
0.1256,-0.0976,-0.01
0.1385,-0.107,0.02
0.1324,-0.1423,0.02
0.1177,-0.1438,0.02
0.1072,-0.0928,-0.01
0.0933,-0.0848,-0.01
0.0867,-0.1233,-0.03
0.102,-0.1277,-0.04
0.133,-0.1106,0
0.1369,-0.098,0.01
0.1102,-0.1049,-0.08
0.1006,-0.1129,-0.13
0.128,-0.0932,-0.07
0.1481,-0.0978,0
0.146,-0.092,-0.08
0.1599,-0.0851,-0.13
0.1733,-0.0592,-0.05
0.191,-0.0614,0.07
0.1961,-0.0704,0.03
0.1813,-0.0677,-0.13
0.1903,-0.0518,-0.11
0.1903,-0.0331,0.02
0.1877,-0.046,0.11
0.1778,-0.0563,0.04
0.1774,-0.0507,-0.08
0.191,-0.0315,-0.1
0.1952,-0.0357,0.05
0.2041,-0.054,0.08
0.1857,-0.0485,-0.06
0.2003,-0.0365,-0.09
0.2249,-0.0274,-0.06
0.2302,-0.041,0.01
0.2105,-0.0093,0
0.2006,0.0323,-0.04
0.213,0.0357,-0.08
0.2253,0.0096,-0.07
0.2089,0.0231,0.01
0.1919,0.0592,0.01
0.2034,0.0775,-0.01
0.2381,0.0661,-0.03
0.2478,0.0474,-0.03
0.2155,0.0633,0.01
0.1964,0.0889,0.01
0.217,0.0917,-0.02
0.2437,0.0682,-0.01
0.2245,0.0511,0.04
0.1925,0.0774,0.05
0.209,0.086,0.04
0.242,0.08,0.01
0.2512,0.0552,-0.02
0.194,0.0609,0.01
0.1701,0.0777,-0.02
0.1864,0.078,-0.01
0.1985,0.0913,0.04
0.1931,0.1063,0.02
0.1853,0.1112,-0.02
0.203,,
